customer_id,recency,frequency,monetary,first_order_date,last_order_date,avg_transit_days,return_rate,aov,R_score,F_score,M_score,segment
CUST-0001,207,11,2178.56,2023-04-05,2024-06-01,4.090909090909091,0.09090909090909091,198.05,2,5,4,At Risk
CUST-0002,295,3,561.0,2023-11-06,2024-03-05,4.333333333333333,0.0,187.0,1,2,1,Dormant
CUST-0003,312,6,1587.72,2023-04-11,2024-02-17,3.6,0.0,264.62,1,3,3,At Risk
CUST-0004,124,6,2564.08,2023-12-31,2024-08-23,3.8,0.0,427.35,4,3,4,Loyal Customers
CUST-0005,188,5,980.1500000000001,2023-07-25,2024-06-20,3.8,0.0,196.03,2,3,2,At Risk
CUST-0006,105,12,2662.57,2023-04-19,2024-09-11,3.3,0.08333333333333333,221.88,4,5,4,Champions
CUST-0007,100,11,2417.38,2023-06-20,2024-09-16,3.090909090909091,0.0,219.76,4,5,4,Champions
CUST-0008,142,11,5898.7,2023-04-27,2024-08-05,2.6363636363636362,0.18181818181818182,536.25,3,5,5,Loyal Customers
CUST-0009,205,7,1662.11,2023-06-16,2024-06-03,3.2857142857142856,0.0,237.44,2,4,3,At Risk
CUST-0010,105,10,1970.6399999999999,2023-03-30,2024-09-11,2.9,0.0,197.06,4,5,4,Champions
CUST-0011,94,10,2693.34,2023-09-29,2024-09-22,3.0,0.0,269.33,4,5,4,Champions
CUST-0012,90,6,2063.93,2023-10-04,2024-09-26,2.8333333333333335,0.0,343.99,4,3,4,Loyal Customers
CUST-0013,156,7,3443.95,2023-08-12,2024-07-22,2.6666666666666665,0.0,491.99,3,4,5,Loyal Customers
CUST-0014,111,11,3861.66,2023-06-13,2024-09-05,3.909090909090909,0.09090909090909091,351.06,4,5,5,Champions
CUST-0015,24,8,2724.1,2023-06-26,2024-12-01,4.5,0.125,340.51,5,4,4,Champions
CUST-0016,101,8,1923.17,2023-09-23,2024-09-15,3.875,0.0,240.4,4,4,3,Champions
CUST-0017,173,8,4023.39,2023-04-29,2024-07-05,3.142857142857143,0.0,502.92,3,4,5,Loyal Customers
CUST-0018,81,5,2864.83,2023-07-17,2024-10-05,3.2,0.0,572.97,5,3,4,Loyal Customers
CUST-0019,93,11,3158.75,2023-02-05,2024-09-23,3.4545454545454546,0.0,287.16,4,5,4,Champions
CUST-0020,84,12,3969.9,2023-02-19,2024-10-02,3.9166666666666665,0.0,330.82,4,5,5,Champions
CUST-0021,92,11,5499.5,2023-04-21,2024-09-24,3.4,0.09090909090909091,499.95,4,5,5,Champions
CUST-0022,108,16,8127.01,2023-04-15,2024-09-08,3.3125,0.0625,507.94,4,5,5,Champions
CUST-0023,170,10,2740.77,2023-07-24,2024-07-08,3.0,0.1,274.08,3,5,4,Loyal Customers
CUST-0024,27,5,2122.98,2024-03-15,2024-11-28,3.8,0.0,424.6,5,3,4,Loyal Customers
CUST-0025,128,10,4012.86,2023-11-01,2024-08-19,3.2,0.1,401.29,3,5,5,Loyal Customers
CUST-0026,101,7,1566.44,2023-12-22,2024-09-15,4.0,0.0,223.78,4,4,3,Champions
CUST-0027,224,8,3185.89,2023-06-24,2024-05-15,3.25,0.0,398.24,2,4,4,At Risk
CUST-0028,277,8,1645.93,2023-07-08,2024-03-23,3.4285714285714284,0.125,205.74,1,4,3,At Risk
CUST-0029,94,7,1992.8700000000001,2023-09-21,2024-09-22,4.0,0.0,284.7,4,4,4,Champions
CUST-0030,31,7,1350.84,2023-08-27,2024-11-24,4.142857142857143,0.0,192.98,5,4,3,Champions
CUST-0031,75,11,5053.3,2023-05-17,2024-10-11,3.0,0.0,459.39,5,5,5,Champions
CUST-0032,144,5,1810.9399999999998,2023-11-05,2024-08-03,2.2,0.2,362.19,3,3,3,Loyal Customers
CUST-0033,44,11,3189.06,2023-08-10,2024-11-11,3.4545454545454546,0.09090909090909091,289.91,5,5,4,Champions
CUST-0034,134,11,3664.08,2023-06-16,2024-08-13,3.6363636363636362,0.0,333.1,3,5,5,Loyal Customers
CUST-0035,136,10,2117.03,2023-03-29,2024-08-11,3.0,0.2,211.7,3,5,4,Loyal Customers
CUST-0036,50,6,1159.22,2023-09-02,2024-11-05,3.6666666666666665,0.0,193.2,5,3,2,Loyal Customers
CUST-0037,160,7,5253.32,2023-10-28,2024-07-18,3.8333333333333335,0.0,750.47,3,4,5,Loyal Customers
CUST-0038,115,12,4104.29,2023-04-18,2024-09-01,3.75,0.16666666666666666,342.02,4,5,5,Champions
CUST-0039,176,9,2636.0299999999997,2023-05-28,2024-07-02,3.3333333333333335,0.0,292.89,2,4,4,At Risk
CUST-0040,48,8,3858.24,2023-06-02,2024-11-07,3.3333333333333335,0.25,482.28,5,4,5,Champions
CUST-0041,84,11,3983.91,2023-04-24,2024-10-02,4.0,0.09090909090909091,362.17,4,5,5,Champions
CUST-0042,188,14,6383.83,2023-06-11,2024-06-20,2.642857142857143,0.14285714285714285,455.99,2,5,5,At Risk
CUST-0043,191,9,2528.91,2023-06-20,2024-06-17,3.6666666666666665,0.0,280.99,2,4,4,At Risk
CUST-0044,209,7,1574.5,2023-03-28,2024-05-30,3.4285714285714284,0.0,224.93,2,4,3,At Risk
CUST-0045,50,11,3258.9,2023-03-05,2024-11-05,3.4545454545454546,0.0,296.26,5,5,5,Champions
CUST-0046,102,11,7018.37,2023-05-13,2024-09-14,3.727272727272727,0.09090909090909091,638.03,4,5,5,Champions
CUST-0047,120,9,3140.9,2023-02-21,2024-08-27,3.7777777777777777,0.0,348.99,4,4,4,Champions
CUST-0048,153,9,4408.9400000000005,2023-03-25,2024-07-25,3.0,0.0,489.88,3,4,5,Loyal Customers
CUST-0049,69,8,2205.73,2023-08-30,2024-10-17,4.25,0.0,275.72,5,4,4,Champions
CUST-0050,162,9,2501.75,2023-05-12,2024-07-16,3.5,0.1111111111111111,277.97,3,4,4,Loyal Customers
CUST-0051,117,14,3545.37,2023-06-18,2024-08-30,3.5,0.07142857142857142,253.24,4,5,5,Champions
CUST-0052,139,9,2209.56,2023-08-30,2024-08-08,3.4285714285714284,0.0,245.51,3,4,4,Loyal Customers
CUST-0053,135,12,3888.8,2023-03-31,2024-08-12,2.75,0.0,324.07,3,5,5,Loyal Customers
CUST-0054,157,10,2380.85,2023-05-23,2024-07-21,3.4,0.0,238.08,3,5,4,Loyal Customers
CUST-0055,30,9,2399.49,2024-01-03,2024-11-25,2.5555555555555554,0.1111111111111111,266.61,5,4,4,Champions
CUST-0056,67,10,2097.14,2023-08-13,2024-10-19,3.2,0.0,209.71,5,5,4,Champions
CUST-0057,166,9,2316.36,2023-06-11,2024-07-12,3.888888888888889,0.0,257.37,3,4,4,Loyal Customers
CUST-0058,30,9,3662.0,2023-05-23,2024-11-25,3.875,0.1111111111111111,406.89,5,4,5,Champions
CUST-0059,74,8,1965.3999999999999,2023-05-25,2024-10-12,4.0,0.0,245.68,5,4,4,Champions
CUST-0060,176,11,4144.35,2023-08-28,2024-07-02,4.2727272727272725,0.0,376.76,2,5,5,At Risk
CUST-0061,95,8,2871.4700000000003,2023-06-02,2024-09-21,3.75,0.0,358.93,4,4,4,Champions
CUST-0062,131,6,662.6600000000001,2023-08-05,2024-08-16,3.8333333333333335,0.0,110.44,3,3,2,Loyal Customers
CUST-0063,28,6,2764.99,2023-04-21,2024-11-27,3.7142857142857144,0.0,460.83,5,3,4,Loyal Customers
CUST-0064,148,9,2924.19,2023-02-04,2024-07-30,2.3333333333333335,0.1111111111111111,324.91,3,4,4,Loyal Customers
CUST-0065,285,4,908.97,2023-03-31,2024-03-15,2.75,0.0,227.24,1,2,2,Dormant
CUST-0066,116,14,2369.37,2023-03-01,2024-08-31,3.642857142857143,0.07142857142857142,169.24,4,5,4,Champions
CUST-0067,161,13,3251.87,2023-02-01,2024-07-17,3.769230769230769,0.07692307692307693,250.14,3,5,5,Loyal Customers
CUST-0068,138,21,6340.77,2023-04-01,2024-08-09,3.7142857142857144,0.047619047619047616,301.94,3,5,5,Loyal Customers
CUST-0069,296,5,1581.8700000000001,2023-04-09,2024-03-04,4.4,0.0,316.37,1,3,3,At Risk
CUST-0070,84,12,4290.29,2023-04-25,2024-10-02,2.75,0.08333333333333333,357.52,4,5,5,Champions
CUST-0071,131,6,1058.89,2023-03-15,2024-08-16,4.0,0.0,176.48,3,3,2,Loyal Customers
CUST-0072,20,8,3476.76,2023-05-14,2024-12-05,3.375,0.0,434.6,5,4,5,Champions
CUST-0073,74,8,4673.03,2023-09-04,2024-10-12,3.125,0.0,584.13,5,4,5,Champions
CUST-0074,96,11,6361.17,2023-04-22,2024-09-20,3.0,0.0,578.29,4,5,5,Champions
CUST-0075,162,11,2282.9,2023-01-30,2024-07-16,3.6363636363636362,0.09090909090909091,207.54,3,5,4,Loyal Customers
CUST-0076,129,10,3462.44,2023-07-27,2024-08-18,3.0,0.0,346.24,3,5,5,Loyal Customers
CUST-0077,75,11,2861.0,2023-10-07,2024-10-11,3.3636363636363638,0.0,260.09,5,5,4,Champions
CUST-0078,129,8,2566.05,2023-03-10,2024-08-18,3.75,0.0,320.76,3,4,4,Loyal Customers
CUST-0079,23,15,4847.85,2023-05-24,2024-12-02,3.8,0.0,323.19,5,5,5,Champions
CUST-0080,96,13,3466.55,2023-01-16,2024-09-20,3.6666666666666665,0.07692307692307693,266.66,4,5,5,Champions
CUST-0081,96,8,1534.49,2023-10-10,2024-09-20,4.125,0.0,191.81,4,4,3,Champions
CUST-0082,95,10,3427.38,2023-04-20,2024-09-21,3.9,0.0,342.74,4,5,5,Champions
CUST-0083,7,10,3077.59,2023-07-12,2024-12-18,3.8,0.2,307.76,5,5,4,Champions
CUST-0084,185,12,4137.84,2023-04-20,2024-06-23,3.1666666666666665,0.08333333333333333,344.82,2,5,5,At Risk
CUST-0085,120,8,1157.01,2023-04-13,2024-08-27,3.75,0.0,144.63,4,4,2,Champions
CUST-0086,122,10,4685.3,2023-09-10,2024-08-25,2.5,0.0,468.53,4,5,5,Champions
CUST-0087,261,7,2596.4,2023-07-24,2024-04-08,2.5714285714285716,0.0,370.91,1,4,4,At Risk
CUST-0088,30,11,2119.1,2023-04-22,2024-11-25,3.272727272727273,0.09090909090909091,192.65,5,5,4,Champions
CUST-0089,88,14,3740.59,2023-05-10,2024-09-28,2.7857142857142856,0.0,267.18,4,5,5,Champions
CUST-0090,69,12,4469.45,2023-07-28,2024-10-17,3.75,0.0,372.45,5,5,5,Champions
CUST-0091,99,13,3655.81,2023-04-30,2024-09-17,4.6923076923076925,0.0,281.22,4,5,5,Champions
CUST-0092,94,13,1991.51,2023-07-09,2024-09-22,3.0,0.0,153.19,4,5,4,Champions
CUST-0093,80,9,2355.43,2023-08-29,2024-10-06,3.4444444444444446,0.1111111111111111,261.71,5,4,4,Champions
CUST-0094,46,14,3607.31,2023-07-03,2024-11-09,3.0833333333333335,0.0,257.67,5,5,5,Champions
CUST-0095,108,8,3065.02,2023-10-07,2024-09-08,3.5,0.0,383.13,4,4,4,Champions
CUST-0096,291,5,1539.29,2023-02-27,2024-03-09,2.4,0.0,307.86,1,3,3,At Risk
CUST-0097,137,8,1838.26,2023-08-06,2024-08-10,3.0,0.0,229.78,3,4,3,Loyal Customers
CUST-0098,22,10,2878.56,2023-06-18,2024-12-03,3.3,0.0,287.86,5,5,4,Champions
CUST-0099,180,6,1809.04,2023-05-14,2024-06-28,4.5,0.0,301.51,2,3,3,At Risk
CUST-0100,296,5,691.3599999999999,2023-07-15,2024-03-04,3.2,0.0,138.27,1,3,2,At Risk
CUST-0101,164,8,4284.36,2023-06-21,2024-07-14,3.0,0.0,535.54,3,4,5,Loyal Customers
CUST-0102,69,9,3555.43,2023-05-20,2024-10-17,3.4444444444444446,0.1111111111111111,395.05,5,4,5,Champions
CUST-0103,63,10,2217.8900000000003,2023-10-04,2024-10-23,3.4,0.0,221.79,5,5,4,Champions
CUST-0104,33,10,3523.96,2023-02-19,2024-11-22,3.4,0.1,352.4,5,5,5,Champions
CUST-0105,118,11,3548.32,2023-08-08,2024-08-29,3.272727272727273,0.09090909090909091,322.57,4,5,5,Champions
CUST-0106,51,12,3461.99,2023-05-10,2024-11-04,3.1818181818181817,0.0,288.5,5,5,5,Champions
CUST-0107,54,9,3617.0299999999997,2023-10-12,2024-11-01,3.625,0.1111111111111111,401.89,5,4,5,Champions
CUST-0108,167,9,2497.83,2023-04-15,2024-07-11,3.7777777777777777,0.0,277.54,3,4,4,Loyal Customers
CUST-0109,115,8,1551.19,2023-11-07,2024-09-01,3.25,0.0,193.9,4,4,3,Champions
CUST-0110,54,12,4969.03,2023-05-15,2024-11-01,3.3333333333333335,0.0,414.09,5,5,5,Champions
CUST-0111,50,7,2357.2,2024-01-15,2024-11-05,4.714285714285714,0.14285714285714285,336.74,5,4,4,Champions
CUST-0112,177,8,2988.25,2023-02-28,2024-07-01,3.25,0.125,373.53,2,4,4,At Risk
CUST-0113,17,8,2065.2200000000003,2023-03-01,2024-12-08,3.875,0.0,258.15,5,4,4,Champions
CUST-0114,73,18,7434.94,2023-03-07,2024-10-13,3.8333333333333335,0.0,413.05,5,5,5,Champions
CUST-0115,44,12,4579.69,2023-01-08,2024-11-11,3.727272727272727,0.0,381.64,5,5,5,Champions
CUST-0116,127,7,2138.07,2023-05-10,2024-08-20,4.142857142857143,0.14285714285714285,305.44,3,4,4,Loyal Customers
CUST-0117,40,11,4061.29,2023-05-17,2024-11-15,3.1818181818181817,0.09090909090909091,369.21,5,5,5,Champions
CUST-0118,173,9,3196.37,2023-05-20,2024-07-05,3.375,0.0,355.15,3,4,4,Loyal Customers
CUST-0119,71,9,2544.82,2024-01-18,2024-10-15,4.111111111111111,0.2222222222222222,282.76,5,4,4,Champions
CUST-0120,68,11,2794.82,2023-06-03,2024-10-18,3.0,0.0,254.07,5,5,4,Champions
CUST-0121,112,9,3155.17,2023-05-23,2024-09-04,3.888888888888889,0.0,350.57,4,4,4,Champions
CUST-0122,117,9,2616.5,2023-06-10,2024-08-30,3.5555555555555554,0.0,290.72,4,4,4,Champions
CUST-0123,11,14,3977.43,2023-07-26,2024-12-14,3.4285714285714284,0.0,284.1,5,5,5,Champions
CUST-0124,31,12,3135.42,2023-04-18,2024-11-24,3.1666666666666665,0.0,261.29,5,5,4,Champions
CUST-0125,83,10,3839.41,2023-03-24,2024-10-03,3.5,0.0,383.94,4,5,5,Champions
CUST-0126,74,10,3800.87,2023-06-26,2024-10-12,3.7,0.0,380.09,5,5,5,Champions
CUST-0127,229,5,944.87,2023-07-09,2024-05-10,4.4,0.2,188.97,2,3,2,At Risk
CUST-0128,159,11,4041.17,2023-07-01,2024-07-19,4.090909090909091,0.0,367.38,3,5,5,Loyal Customers
CUST-0129,172,9,3283.44,2023-07-14,2024-07-06,2.4444444444444446,0.1111111111111111,364.83,3,4,5,Loyal Customers
CUST-0130,306,2,362.21999999999997,2024-02-08,2024-02-23,3.0,0.0,181.11,1,1,1,Dormant
CUST-0131,22,11,6153.69,2023-01-29,2024-12-03,5.1,0.09090909090909091,559.43,5,5,5,Champions
CUST-0132,72,11,2778.2799999999997,2023-10-23,2024-10-14,3.6363636363636362,0.0,252.57,5,5,4,Champions
CUST-0133,95,13,4084.0099999999998,2023-02-01,2024-09-21,3.6153846153846154,0.07692307692307693,314.15,4,5,5,Champions
CUST-0134,194,14,2520.2599999999998,2023-05-24,2024-06-14,3.230769230769231,0.14285714285714285,180.02,2,5,4,At Risk
CUST-0135,178,12,3603.32,2023-07-29,2024-06-30,3.9166666666666665,0.08333333333333333,300.28,2,5,5,At Risk
CUST-0136,123,13,4699.24,2023-05-23,2024-08-24,2.9166666666666665,0.0,361.48,4,5,5,Champions
CUST-0137,265,10,4609.55,2023-05-14,2024-04-04,3.3,0.1,460.96,1,5,5,At Risk
CUST-0138,69,12,1942.51,2023-05-26,2024-10-17,3.0,0.0,161.88,5,5,3,Champions
CUST-0139,35,10,3163.8,2023-03-27,2024-11-20,3.0,0.1,316.38,5,5,4,Champions
CUST-0140,84,12,5546.12,2023-03-16,2024-10-02,3.0833333333333335,0.0,462.18,4,5,5,Champions
CUST-0141,16,13,5034.79,2023-07-22,2024-12-09,2.923076923076923,0.15384615384615385,387.29,5,5,5,Champions
CUST-0142,145,7,3555.14,2023-05-01,2024-08-02,3.2857142857142856,0.0,507.88,3,4,5,Loyal Customers
CUST-0143,50,9,6877.799999999999,2023-03-06,2024-11-05,4.222222222222222,0.1111111111111111,764.2,5,4,5,Champions
CUST-0144,76,6,1533.58,2023-08-18,2024-10-10,4.166666666666667,0.0,255.6,5,3,3,Loyal Customers
CUST-0145,38,8,1838.26,2023-09-17,2024-11-17,2.75,0.0,229.78,5,4,3,Champions
CUST-0146,134,11,4128.74,2023-08-11,2024-08-13,3.0,0.0,375.34,3,5,5,Loyal Customers
CUST-0147,196,9,2694.36,2023-06-22,2024-06-12,3.6666666666666665,0.0,299.37,2,4,4,At Risk
CUST-0148,66,18,5760.54,2023-05-17,2024-10-20,3.7222222222222223,0.05555555555555555,320.03,5,5,5,Champions
CUST-0149,211,12,3327.61,2023-07-31,2024-05-28,3.25,0.08333333333333333,277.3,2,5,5,At Risk
CUST-0150,109,8,2038.31,2023-03-27,2024-09-07,3.75,0.0,254.79,4,4,4,Champions
CUST-0151,167,9,3572.18,2023-08-18,2024-07-11,2.7777777777777777,0.2222222222222222,396.91,3,4,5,Loyal Customers
CUST-0152,153,13,3808.86,2023-06-24,2024-07-25,3.1538461538461537,0.07692307692307693,292.99,3,5,5,Loyal Customers
CUST-0153,44,10,5939.72,2023-02-10,2024-11-11,3.6,0.1,593.97,5,5,5,Champions
CUST-0154,149,7,2264.33,2023-07-25,2024-07-29,3.4285714285714284,0.0,323.48,3,4,4,Loyal Customers
CUST-0155,36,12,3443.2599999999998,2023-09-02,2024-11-19,3.4545454545454546,0.08333333333333333,286.94,5,5,5,Champions
CUST-0156,181,7,1679.7,2023-06-24,2024-06-27,2.4285714285714284,0.14285714285714285,239.96,2,4,3,At Risk
CUST-0157,52,10,3217.8,2023-08-02,2024-11-03,3.3,0.1,321.78,5,5,5,Champions
CUST-0158,254,6,2428.1800000000003,2023-08-28,2024-04-15,2.5,0.0,404.7,1,3,4,At Risk
CUST-0159,63,8,2672.38,2024-02-10,2024-10-23,3.25,0.0,334.05,5,4,4,Champions
CUST-0160,155,8,2000.4499999999998,2023-06-21,2024-07-23,2.857142857142857,0.0,250.06,3,4,4,Loyal Customers
CUST-0161,18,11,3066.66,2023-10-05,2024-12-07,3.272727272727273,0.09090909090909091,278.79,5,5,4,Champions
CUST-0162,81,12,3008.92,2023-08-22,2024-10-05,3.5,0.0,250.74,5,5,4,Champions
CUST-0163,132,9,4640.35,2023-10-09,2024-08-15,3.111111111111111,0.0,515.59,3,4,5,Loyal Customers
CUST-0164,239,5,1509.23,2023-04-16,2024-04-30,2.2,0.0,301.85,2,3,3,At Risk
CUST-0165,201,9,2422.12,2023-03-23,2024-06-07,3.6666666666666665,0.1111111111111111,269.12,2,4,4,At Risk
CUST-0166,90,11,4191.46,2023-04-12,2024-09-26,4.090909090909091,0.18181818181818182,381.04,4,5,5,Champions
CUST-0167,93,11,3684.62,2023-04-08,2024-09-23,3.727272727272727,0.09090909090909091,334.97,4,5,5,Champions
CUST-0168,151,8,1948.5,2023-07-22,2024-07-27,3.375,0.125,243.56,3,4,3,Loyal Customers
CUST-0169,29,15,2703.4,2023-01-24,2024-11-26,4.142857142857143,0.06666666666666667,180.23,5,5,4,Champions
CUST-0170,173,14,4557.7,2023-05-13,2024-07-05,2.923076923076923,0.14285714285714285,325.55,3,5,5,Loyal Customers
CUST-0171,45,13,2942.57,2023-04-13,2024-11-10,3.3846153846153846,0.0,226.35,5,5,4,Champions
CUST-0172,59,11,4074.13,2023-02-27,2024-10-27,3.090909090909091,0.0,370.38,5,5,5,Champions
CUST-0173,5,12,5217.53,2023-03-09,2024-12-20,3.0833333333333335,0.08333333333333333,434.79,5,5,5,Champions
CUST-0174,37,11,6852.97,2023-11-12,2024-11-18,4.0,0.0,623.0,5,5,5,Champions
CUST-0175,102,21,7161.82,2023-01-22,2024-09-14,3.619047619047619,0.047619047619047616,341.04,4,5,5,Champions
CUST-0176,62,12,3002.14,2023-07-09,2024-10-24,3.1666666666666665,0.08333333333333333,250.18,5,5,4,Champions
CUST-0177,88,11,2801.82,2023-07-17,2024-09-28,3.8181818181818183,0.09090909090909091,254.71,4,5,4,Champions
CUST-0178,94,5,1407.69,2024-01-20,2024-09-22,3.4,0.0,281.54,4,3,3,Loyal Customers
CUST-0179,87,14,5551.81,2023-08-18,2024-09-29,2.857142857142857,0.0,396.56,4,5,5,Champions
CUST-0180,176,6,1775.9,2023-05-14,2024-07-02,4.333333333333333,0.0,295.98,2,3,3,At Risk
CUST-0181,213,6,1356.06,2023-03-12,2024-05-26,3.5,0.0,226.01,2,3,3,At Risk
CUST-0182,113,13,2609.05,2023-03-08,2024-09-03,3.076923076923077,0.0,200.7,4,5,4,Champions
CUST-0183,75,9,1702.57,2023-08-12,2024-10-11,3.7777777777777777,0.0,189.17,5,4,3,Champions
CUST-0184,158,17,6030.58,2023-02-17,2024-07-20,3.176470588235294,0.0,354.74,3,5,5,Loyal Customers
CUST-0185,13,10,4735.08,2023-05-01,2024-12-12,4.8,0.0,473.51,5,5,5,Champions
CUST-0186,143,6,1873.1299999999999,2023-02-19,2024-08-04,3.3333333333333335,0.0,312.19,3,3,3,Loyal Customers
CUST-0187,109,16,5594.5599999999995,2023-07-22,2024-09-07,3.875,0.0625,349.66,4,5,5,Champions
CUST-0188,122,3,516.78,2024-03-09,2024-08-25,2.3333333333333335,0.0,172.26,4,2,1,Potential Loyalists
CUST-0189,149,19,6886.96,2023-03-03,2024-07-29,4.444444444444445,0.10526315789473684,362.47,3,5,5,Loyal Customers
CUST-0190,100,14,1995.78,2023-07-14,2024-09-16,3.1538461538461537,0.0,142.56,4,5,4,Champions
CUST-0191,44,8,2890.2,2023-04-02,2024-11-11,3.125,0.0,361.28,5,4,4,Champions
CUST-0192,130,10,2979.81,2023-05-30,2024-08-17,3.6,0.0,297.98,3,5,4,Loyal Customers
CUST-0193,199,4,2044.52,2023-10-15,2024-06-09,3.3333333333333335,0.0,511.13,2,2,4,Dormant
CUST-0194,148,3,668.39,2023-10-25,2024-07-30,2.6666666666666665,0.3333333333333333,222.8,3,2,2,Potential Loyalists
CUST-0195,115,8,1161.11,2023-06-29,2024-09-01,4.25,0.0,145.14,4,4,2,Champions
CUST-0196,84,9,7028.04,2023-01-24,2024-10-02,3.625,0.0,780.89,4,4,5,Champions
CUST-0197,194,9,2128.76,2023-11-12,2024-06-14,3.2222222222222223,0.1111111111111111,236.53,2,4,4,At Risk
CUST-0198,272,8,4061.3700000000003,2023-02-06,2024-03-28,3.75,0.0,507.67,1,4,5,At Risk
CUST-0199,133,11,3020.45,2023-06-13,2024-08-14,3.3636363636363638,0.09090909090909091,274.59,3,5,4,Loyal Customers
CUST-0200,256,5,728.0500000000001,2023-08-01,2024-04-13,3.6,0.0,145.61,1,3,2,At Risk
CUST-0201,25,11,4576.19,2023-08-09,2024-11-30,3.727272727272727,0.0,416.02,5,5,5,Champions
CUST-0202,132,10,2749.49,2023-06-11,2024-08-15,3.8,0.0,274.95,3,5,4,Loyal Customers
CUST-0203,83,10,3231.09,2023-03-22,2024-10-03,3.5,0.0,323.11,4,5,5,Champions
CUST-0204,80,8,4989.219999999999,2023-01-28,2024-10-06,3.857142857142857,0.0,623.65,5,4,5,Champions
CUST-0205,65,8,1311.98,2023-08-29,2024-10-21,3.75,0.125,164.0,5,4,3,Champions
CUST-0206,232,6,1922.8400000000001,2023-03-06,2024-05-07,5.333333333333333,0.0,320.47,2,3,3,At Risk
CUST-0207,81,11,3393.8,2023-02-19,2024-10-05,4.090909090909091,0.0,308.53,5,5,5,Champions
CUST-0208,140,7,2026.5900000000001,2023-07-15,2024-08-07,2.7142857142857144,0.0,289.51,3,4,4,Loyal Customers
CUST-0209,55,11,5256.63,2023-06-06,2024-10-31,3.3636363636363638,0.0,477.88,5,5,5,Champions
CUST-0210,204,10,2984.91,2023-04-24,2024-06-04,3.5555555555555554,0.0,298.49,2,5,4,At Risk
CUST-0211,197,6,2627.12,2023-02-20,2024-06-11,2.6666666666666665,0.16666666666666666,437.85,2,3,4,At Risk
CUST-0212,82,7,1510.8,2023-03-25,2024-10-04,3.857142857142857,0.2857142857142857,215.83,4,4,3,Champions
CUST-0213,166,12,5432.34,2023-06-02,2024-07-12,2.9166666666666665,0.0,452.7,3,5,5,Loyal Customers
CUST-0214,93,8,2472.23,2023-05-23,2024-09-23,4.125,0.0,309.03,4,4,4,Champions
CUST-0215,177,15,3562.76,2023-04-01,2024-07-01,3.4,0.13333333333333333,237.52,2,5,5,At Risk
CUST-0216,89,15,5591.55,2023-02-27,2024-09-27,3.466666666666667,0.06666666666666667,372.77,4,5,5,Champions
CUST-0217,67,11,4963.23,2023-03-10,2024-10-19,3.727272727272727,0.09090909090909091,451.2,5,5,5,Champions
CUST-0218,204,7,2331.83,2023-05-09,2024-06-04,3.7142857142857144,0.0,333.12,2,4,4,At Risk
CUST-0219,29,11,4002.81,2023-03-08,2024-11-26,4.363636363636363,0.09090909090909091,363.89,5,5,5,Champions
CUST-0220,218,8,1364.32,2023-07-03,2024-05-21,3.0,0.125,170.54,2,4,3,At Risk
CUST-0221,34,18,5777.95,2023-06-24,2024-11-21,3.111111111111111,0.0,321.0,5,5,5,Champions
CUST-0222,80,10,2261.32,2023-11-06,2024-10-06,4.111111111111111,0.0,226.13,5,5,4,Champions
CUST-0223,118,9,4602.12,2023-04-09,2024-08-29,3.6666666666666665,0.0,511.35,4,4,5,Champions
CUST-0224,115,13,4243.09,2023-06-14,2024-09-01,3.8461538461538463,0.0,326.39,4,5,5,Champions
CUST-0225,90,8,3402.73,2023-05-20,2024-09-26,3.5,0.0,425.34,4,4,5,Champions
CUST-0226,131,14,4849.87,2023-04-21,2024-08-16,2.7857142857142856,0.0,346.42,3,5,5,Loyal Customers
CUST-0227,95,9,2502.9,2023-11-14,2024-09-21,3.4444444444444446,0.0,278.1,4,4,4,Champions
CUST-0228,45,19,7781.32,2023-06-12,2024-11-10,3.1578947368421053,0.05263157894736842,409.54,5,5,5,Champions
CUST-0229,75,12,5116.85,2023-04-15,2024-10-11,3.75,0.0,426.4,5,5,5,Champions
CUST-0230,46,13,3082.69,2023-08-03,2024-11-09,2.6923076923076925,0.07692307692307693,237.13,5,5,4,Champions
CUST-0231,103,15,7415.77,2023-07-09,2024-09-13,2.8666666666666667,0.06666666666666667,494.38,4,5,5,Champions
CUST-0232,43,11,3000.2599999999998,2023-08-20,2024-11-12,4.090909090909091,0.0,272.75,5,5,4,Champions
CUST-0233,81,8,5953.599999999999,2023-06-06,2024-10-05,4.0,0.0,744.2,5,4,5,Champions
CUST-0234,30,10,3400.62,2023-05-07,2024-11-25,4.222222222222222,0.0,340.06,5,5,5,Champions
CUST-0235,200,5,1176.69,2023-11-29,2024-06-08,4.6,0.0,235.34,2,3,2,At Risk
CUST-0236,166,9,2269.03,2023-06-05,2024-07-12,3.5555555555555554,0.0,252.11,3,4,4,Loyal Customers
CUST-0237,222,5,3053.27,2023-08-20,2024-05-17,3.25,0.0,610.65,2,3,4,At Risk
CUST-0238,48,9,2032.79,2023-06-03,2024-11-07,3.0,0.0,225.87,5,4,4,Champions
CUST-0239,122,9,3747.63,2023-05-25,2024-08-25,3.0,0.0,416.4,4,4,5,Champions
CUST-0240,169,14,3822.23,2023-05-24,2024-07-09,3.7142857142857144,0.07142857142857142,273.02,3,5,5,Loyal Customers
CUST-0241,83,6,1679.23,2023-07-14,2024-10-03,3.3333333333333335,0.16666666666666666,279.87,4,3,3,Loyal Customers
CUST-0242,109,10,2878.44,2023-03-29,2024-09-07,4.0,0.1,287.84,4,5,4,Champions
CUST-0243,129,7,3527.4700000000003,2023-09-15,2024-08-18,4.285714285714286,0.2857142857142857,503.92,3,4,5,Loyal Customers
CUST-0244,58,10,2541.97,2023-07-11,2024-10-28,3.6,0.1,254.2,5,5,4,Champions
CUST-0245,67,8,1103.15,2023-03-13,2024-10-19,3.0,0.0,137.89,5,4,2,Champions
CUST-0246,126,12,3396.28,2023-05-15,2024-08-21,2.9166666666666665,0.0,283.02,3,5,5,Loyal Customers
CUST-0247,99,9,2430.33,2023-08-20,2024-09-17,3.5555555555555554,0.0,270.04,4,4,4,Champions
CUST-0248,127,11,3348.58,2023-03-25,2024-08-20,3.0,0.09090909090909091,304.42,3,5,5,Loyal Customers
CUST-0249,63,8,2277.14,2023-02-25,2024-10-23,3.625,0.0,284.64,5,4,4,Champions
CUST-0250,109,9,3444.92,2023-01-24,2024-09-07,3.888888888888889,0.1111111111111111,382.77,4,4,5,Champions
CUST-0251,88,11,5473.8,2023-03-14,2024-09-28,3.4,0.0,497.62,4,5,5,Champions
CUST-0252,185,9,3605.55,2023-05-30,2024-06-23,3.888888888888889,0.0,400.62,2,4,5,At Risk
CUST-0253,81,11,9249.57,2023-02-11,2024-10-05,2.727272727272727,0.09090909090909091,840.87,5,5,5,Champions
CUST-0254,90,8,1746.9199999999998,2023-06-05,2024-09-26,3.625,0.125,218.36,4,4,3,Champions
CUST-0255,14,11,3382.4,2023-08-21,2024-12-11,3.090909090909091,0.0,307.49,5,5,5,Champions
CUST-0256,50,10,4203.16,2023-07-10,2024-11-05,2.7,0.1,420.32,5,5,5,Champions
CUST-0257,127,9,2010.1399999999999,2023-06-03,2024-08-20,3.111111111111111,0.0,223.35,3,4,4,Loyal Customers
CUST-0258,88,9,3657.23,2023-03-01,2024-09-28,3.7777777777777777,0.1111111111111111,406.36,4,4,5,Champions
CUST-0259,98,6,1316.22,2023-09-02,2024-09-18,3.3333333333333335,0.16666666666666666,219.37,4,3,3,Loyal Customers
CUST-0260,34,15,4937.99,2023-09-13,2024-11-21,3.7857142857142856,0.0,329.2,5,5,5,Champions
CUST-0261,93,10,3112.02,2023-04-02,2024-09-23,3.7,0.0,311.2,4,5,4,Champions
CUST-0262,114,7,1439.56,2023-04-26,2024-09-02,4.0,0.0,205.65,4,4,3,Champions
CUST-0263,202,6,1633.35,2023-09-11,2024-06-06,3.6,0.0,272.22,2,3,3,At Risk
CUST-0264,107,14,2971.84,2023-07-02,2024-09-09,3.7142857142857144,0.07142857142857142,212.27,4,5,4,Champions
CUST-0265,59,8,2924.71,2023-06-07,2024-10-27,3.25,0.0,365.59,5,4,4,Champions
CUST-0266,39,11,3189.02,2023-03-05,2024-11-16,4.090909090909091,0.09090909090909091,289.91,5,5,4,Champions
CUST-0267,149,13,4665.639999999999,2023-07-06,2024-07-29,3.0,0.07692307692307693,358.9,3,5,5,Loyal Customers
CUST-0268,65,13,4347.73,2023-03-20,2024-10-21,3.3846153846153846,0.0,334.44,5,5,5,Champions
CUST-0269,165,13,2264.72,2023-06-20,2024-07-13,3.769230769230769,0.0,174.21,3,5,4,Loyal Customers
CUST-0270,121,11,2367.84,2023-04-30,2024-08-26,3.6363636363636362,0.09090909090909091,215.26,4,5,4,Champions
CUST-0271,61,13,4682.9800000000005,2023-08-26,2024-10-25,3.0,0.0,360.23,5,5,5,Champions
CUST-0272,207,13,5807.43,2023-03-28,2024-06-01,3.076923076923077,0.07692307692307693,446.73,2,5,5,At Risk
CUST-0273,57,15,8778.23,2023-07-12,2024-10-29,3.3333333333333335,0.13333333333333333,585.22,5,5,5,Champions
CUST-0274,105,4,1510.95,2023-11-07,2024-09-11,4.0,0.0,377.74,4,2,3,Potential Loyalists
CUST-0275,114,10,2740.46,2023-04-28,2024-09-02,3.5,0.0,274.05,4,5,4,Champions
CUST-0276,240,7,2563.2599999999998,2023-08-15,2024-04-29,3.0,0.0,366.18,2,4,4,At Risk
CUST-0277,124,14,4874.24,2023-04-22,2024-08-23,3.357142857142857,0.0,348.16,4,5,5,Champions
CUST-0278,17,16,3541.76,2023-03-22,2024-12-08,3.066666666666667,0.0,221.36,5,5,5,Champions
CUST-0279,17,9,7802.65,2023-04-03,2024-12-08,4.125,0.2222222222222222,866.96,5,4,5,Champions
CUST-0280,152,5,1077.38,2023-03-30,2024-07-26,3.4,0.0,215.48,3,3,2,Loyal Customers
CUST-0281,53,15,6696.91,2023-04-20,2024-11-02,3.466666666666667,0.06666666666666667,446.46,5,5,5,Champions
CUST-0282,69,13,5238.54,2023-02-27,2024-10-17,4.384615384615385,0.0,402.96,5,5,5,Champions
CUST-0283,50,9,2617.3,2023-06-19,2024-11-05,3.111111111111111,0.0,290.81,5,4,4,Champions
CUST-0284,178,11,5999.3099999999995,2023-03-06,2024-06-30,3.727272727272727,0.0,545.39,2,5,5,At Risk
CUST-0285,163,14,3216.38,2023-02-26,2024-07-15,3.857142857142857,0.07142857142857142,229.74,3,5,5,Loyal Customers
CUST-0286,13,11,3893.92,2023-06-07,2024-12-12,3.3636363636363638,0.0,353.99,5,5,5,Champions
CUST-0287,113,10,4242.820000000001,2023-10-20,2024-09-03,3.6666666666666665,0.0,424.28,4,5,5,Champions
CUST-0288,64,10,3869.7,2023-08-02,2024-10-22,2.9,0.0,386.97,5,5,5,Champions
CUST-0289,179,16,6608.24,2023-04-10,2024-06-29,3.466666666666667,0.0625,413.02,2,5,5,At Risk
CUST-0290,45,14,2771.49,2023-05-19,2024-11-10,3.0714285714285716,0.0,197.96,5,5,4,Champions
CUST-0291,80,13,2754.0,2023-04-03,2024-10-06,3.3076923076923075,0.0,211.85,5,5,4,Champions
CUST-0292,142,10,3078.4300000000003,2023-05-01,2024-08-05,2.7777777777777777,0.0,307.84,3,5,4,Loyal Customers
CUST-0293,91,13,4994.44,2023-04-14,2024-09-25,3.3076923076923075,0.07692307692307693,384.19,4,5,5,Champions
CUST-0294,58,4,1661.78,2024-03-20,2024-10-28,3.5,0.25,415.44,5,2,3,Potential Loyalists
CUST-0295,31,10,1937.4099999999999,2023-06-30,2024-11-24,4.2,0.1,193.74,5,5,3,Champions
CUST-0296,255,4,554.47,2023-02-23,2024-04-14,4.0,0.0,138.62,1,2,1,Dormant
CUST-0297,67,7,3503.45,2023-05-08,2024-10-19,3.5,0.0,500.49,5,4,5,Champions
CUST-0298,131,14,4439.53,2023-03-15,2024-08-16,3.142857142857143,0.07142857142857142,317.11,3,5,5,Loyal Customers
CUST-0299,39,13,5445.22,2023-07-18,2024-11-16,3.769230769230769,0.0,418.86,5,5,5,Champions
CUST-0300,78,12,4257.12,2023-08-16,2024-10-08,3.6666666666666665,0.08333333333333333,354.76,5,5,5,Champions
CUST-0301,267,8,1914.6799999999998,2023-03-18,2024-04-02,3.125,0.0,239.33,1,4,3,At Risk
CUST-0302,42,9,2376.91,2023-03-27,2024-11-13,3.875,0.0,264.1,5,4,4,Champions
CUST-0303,248,8,2436.52,2023-09-05,2024-04-21,3.625,0.0,304.56,1,4,4,At Risk
CUST-0304,131,8,2995.3799999999997,2023-01-20,2024-08-16,4.0,0.25,374.42,3,4,4,Loyal Customers
CUST-0305,114,7,1939.1,2023-02-06,2024-09-02,3.5714285714285716,0.0,277.01,4,4,3,Champions
CUST-0306,118,6,3462.18,2023-06-02,2024-08-29,3.0,0.0,577.03,4,3,5,Loyal Customers
CUST-0307,131,8,1371.99,2023-04-11,2024-08-16,3.875,0.125,171.5,3,4,3,Loyal Customers
CUST-0308,203,5,1493.32,2023-06-24,2024-06-05,3.4,0.0,298.66,2,3,3,At Risk
CUST-0309,81,9,2608.58,2023-07-13,2024-10-05,3.0,0.0,289.84,5,4,4,Champions
CUST-0310,47,13,8593.48,2023-05-15,2024-11-08,3.3333333333333335,0.07692307692307693,661.04,5,5,5,Champions
CUST-0311,120,9,4127.55,2023-07-03,2024-08-27,2.875,0.0,458.62,4,4,5,Champions
CUST-0312,161,14,5811.7,2023-04-19,2024-07-17,3.5,0.0,415.12,3,5,5,Loyal Customers
CUST-0313,123,9,2505.6,2023-06-21,2024-08-24,2.7777777777777777,0.0,278.4,4,4,4,Champions
CUST-0314,200,11,6459.41,2023-08-24,2024-06-08,3.8181818181818183,0.0,587.22,2,5,5,At Risk
CUST-0315,85,13,3858.14,2023-04-17,2024-10-01,3.4615384615384617,0.07692307692307693,296.78,4,5,5,Champions
CUST-0316,160,8,4266.2699999999995,2023-11-18,2024-07-18,3.375,0.125,533.28,3,4,5,Loyal Customers
CUST-0317,106,9,1822.62,2023-10-25,2024-09-10,3.888888888888889,0.0,202.51,4,4,3,Champions
CUST-0318,159,8,2182.18,2023-12-17,2024-07-19,2.875,0.125,272.77,3,4,4,Loyal Customers
CUST-0319,210,6,1516.1100000000001,2023-03-05,2024-05-29,4.333333333333333,0.16666666666666666,252.69,2,3,3,At Risk
CUST-0320,176,7,1644.0100000000002,2023-05-04,2024-07-02,3.142857142857143,0.14285714285714285,234.86,2,4,3,At Risk
CUST-0321,175,10,4025.29,2023-04-05,2024-07-03,2.6,0.0,402.53,3,5,5,Loyal Customers
CUST-0322,8,4,1002.92,2023-07-07,2024-12-17,4.0,0.25,250.73,5,2,2,Potential Loyalists
CUST-0323,159,8,3371.83,2023-08-02,2024-07-19,3.25,0.0,421.48,3,4,5,Loyal Customers
CUST-0324,129,6,2089.71,2024-01-17,2024-08-18,4.0,0.0,348.28,3,3,4,Loyal Customers
CUST-0325,89,9,2073.72,2023-05-19,2024-09-27,3.2222222222222223,0.0,230.41,4,4,4,Champions
CUST-0326,166,9,3573.47,2023-08-21,2024-07-12,2.6666666666666665,0.2222222222222222,397.05,3,4,5,Loyal Customers
CUST-0327,206,9,4190.41,2023-06-13,2024-06-02,4.111111111111111,0.0,465.6,2,4,5,At Risk
CUST-0328,31,11,6832.62,2023-08-18,2024-11-24,3.6363636363636362,0.09090909090909091,621.15,5,5,5,Champions
CUST-0329,36,12,2699.69,2023-07-17,2024-11-19,3.1818181818181817,0.08333333333333333,224.97,5,5,4,Champions
CUST-0330,103,10,2054.39,2023-04-11,2024-09-13,2.875,0.0,205.44,4,5,4,Champions
CUST-0331,163,6,4195.58,2023-07-06,2024-07-15,3.0,0.0,699.26,3,3,5,Loyal Customers
CUST-0332,80,13,5052.9,2023-05-25,2024-10-06,3.3076923076923075,0.0,388.68,5,5,5,Champions
CUST-0333,106,7,2258.94,2023-05-08,2024-09-10,3.2857142857142856,0.0,322.71,4,4,4,Champions
CUST-0334,78,12,2847.5299999999997,2023-06-20,2024-10-08,3.0833333333333335,0.0,237.29,5,5,4,Champions
CUST-0335,63,7,2757.27,2023-07-29,2024-10-23,2.857142857142857,0.14285714285714285,393.9,5,4,4,Champions
CUST-0336,68,8,2371.6000000000004,2023-08-13,2024-10-18,3.5,0.125,296.45,5,4,4,Champions
CUST-0337,128,10,2613.99,2023-03-24,2024-08-19,3.6,0.0,261.4,3,5,4,Loyal Customers
CUST-0338,184,16,6249.77,2023-04-19,2024-06-24,3.9375,0.0625,390.61,2,5,5,At Risk
CUST-0339,174,9,1597.2,2023-06-13,2024-07-04,3.7777777777777777,0.0,177.47,3,4,3,Loyal Customers
CUST-0340,48,12,5030.7699999999995,2023-04-17,2024-11-07,3.5833333333333335,0.0,419.23,5,5,5,Champions
CUST-0341,98,15,8224.32,2023-04-25,2024-09-18,3.0714285714285716,0.06666666666666667,548.29,4,5,5,Champions
CUST-0342,107,9,2255.85,2023-06-14,2024-09-09,3.5555555555555554,0.0,250.65,4,4,4,Champions
CUST-0343,48,12,1811.59,2023-04-24,2024-11-07,2.9166666666666665,0.16666666666666666,150.97,5,5,3,Champions
CUST-0344,89,13,3650.2400000000002,2023-05-15,2024-09-27,2.4615384615384617,0.0,280.79,4,5,5,Champions
CUST-0345,169,11,6061.58,2023-07-12,2024-07-09,3.6363636363636362,0.0,551.05,3,5,5,Loyal Customers
CUST-0346,91,12,5239.2699999999995,2023-06-10,2024-09-25,3.25,0.0,436.61,4,5,5,Champions
CUST-0347,21,12,3765.11,2023-06-29,2024-12-04,4.083333333333333,0.0,313.76,5,5,5,Champions
CUST-0348,150,10,2249.12,2023-06-15,2024-07-28,3.3,0.1,224.91,3,5,4,Loyal Customers
CUST-0349,84,18,6439.65,2023-05-05,2024-10-02,3.5555555555555554,0.05555555555555555,357.76,4,5,5,Champions
CUST-0350,40,13,3860.17,2023-01-27,2024-11-15,2.6923076923076925,0.0,296.94,5,5,5,Champions
CUST-0351,116,14,4298.49,2023-04-24,2024-08-31,3.5714285714285716,0.07142857142857142,307.03,4,5,5,Champions
CUST-0352,132,15,4440.99,2023-05-24,2024-08-15,2.933333333333333,0.0,296.07,3,5,5,Loyal Customers
CUST-0353,137,11,2506.58,2023-07-07,2024-08-10,3.4545454545454546,0.0,227.87,3,5,4,Loyal Customers
CUST-0354,188,6,1329.7,2023-10-25,2024-06-20,3.6666666666666665,0.0,221.62,2,3,3,At Risk
CUST-0355,119,15,7328.0,2023-09-13,2024-08-28,3.466666666666667,0.0,488.53,4,5,5,Champions
CUST-0356,129,16,4476.68,2023-02-22,2024-08-18,2.9375,0.0625,279.79,3,5,5,Loyal Customers
CUST-0357,172,3,344.06,2024-03-31,2024-07-06,3.3333333333333335,0.0,114.69,3,2,1,Potential Loyalists
CUST-0358,75,11,5529.11,2023-06-15,2024-10-11,3.6363636363636362,0.09090909090909091,502.65,5,5,5,Champions
CUST-0359,238,10,1871.62,2023-05-22,2024-05-01,4.1,0.0,187.16,2,5,3,At Risk
CUST-0360,15,6,645.11,2023-05-09,2024-12-10,3.8333333333333335,0.0,107.52,5,3,2,Loyal Customers
CUST-0361,136,10,3354.65,2023-12-25,2024-08-11,3.6,0.0,335.46,3,5,5,Loyal Customers
CUST-0362,48,10,2864.42,2023-02-22,2024-11-07,3.1,0.0,286.44,5,5,4,Champions
CUST-0363,157,13,4226.39,2023-05-29,2024-07-21,3.6923076923076925,0.07692307692307693,325.11,3,5,5,Loyal Customers
CUST-0364,103,10,4893.4,2023-04-20,2024-09-13,3.2,0.1,489.34,4,5,5,Champions
CUST-0365,55,7,1675.15,2023-08-20,2024-10-31,3.5714285714285716,0.0,239.31,5,4,3,Champions
CUST-0366,4,10,4586.3,2023-10-29,2024-12-21,3.5,0.0,458.63,5,5,5,Champions
CUST-0367,11,11,4664.219999999999,2023-05-28,2024-12-14,3.727272727272727,0.0,424.02,5,5,5,Champions
CUST-0368,138,13,3566.97,2023-08-05,2024-08-09,3.6153846153846154,0.15384615384615385,274.38,3,5,5,Loyal Customers
CUST-0369,104,13,5569.07,2023-04-01,2024-09-12,3.6153846153846154,0.0,428.39,4,5,5,Champions
CUST-0370,82,15,4106.13,2023-05-04,2024-10-04,3.2666666666666666,0.06666666666666667,273.74,4,5,5,Champions
CUST-0371,47,17,4981.57,2023-06-09,2024-11-08,2.823529411764706,0.058823529411764705,293.03,5,5,5,Champions
CUST-0372,109,7,2424.41,2023-05-26,2024-09-07,3.8333333333333335,0.14285714285714285,346.34,4,4,4,Champions
CUST-0373,200,9,2635.67,2023-08-02,2024-06-08,3.4444444444444446,0.0,292.85,2,4,4,At Risk
CUST-0374,57,11,6783.589999999999,2023-05-06,2024-10-29,3.7,0.09090909090909091,616.69,5,5,5,Champions
CUST-0375,153,10,3094.99,2023-06-17,2024-07-25,3.4,0.0,309.5,3,5,4,Loyal Customers
CUST-0376,109,10,2029.38,2023-05-15,2024-09-07,3.6,0.0,202.94,4,5,4,Champions
CUST-0377,304,3,1525.53,2023-10-24,2024-02-25,4.0,0.3333333333333333,508.51,1,2,3,Dormant
CUST-0378,99,6,4262.12,2023-10-08,2024-09-17,3.0,0.16666666666666666,710.35,4,3,5,Loyal Customers
CUST-0379,81,4,2172.7999999999997,2023-05-22,2024-10-05,3.5,0.0,543.2,5,2,4,Potential Loyalists
CUST-0380,49,12,3492.83,2023-06-03,2024-11-06,2.5,0.08333333333333333,291.07,5,5,5,Champions
CUST-0381,159,10,3283.5699999999997,2023-06-01,2024-07-19,3.3333333333333335,0.0,328.36,3,5,5,Loyal Customers
CUST-0382,210,11,4249.5,2023-05-25,2024-05-29,3.7,0.0,386.32,2,5,5,At Risk
CUST-0383,6,19,5722.58,2023-04-09,2024-12-19,3.0526315789473686,0.0,301.19,5,5,5,Champions
CUST-0384,99,9,1832.1399999999999,2023-06-14,2024-09-17,4.333333333333333,0.0,203.57,4,4,3,Champions
CUST-0385,85,12,7684.0199999999995,2023-05-08,2024-10-01,3.75,0.0,640.33,4,5,5,Champions
CUST-0386,178,11,2591.88,2023-03-10,2024-06-30,3.272727272727273,0.18181818181818182,235.63,2,5,4,At Risk
CUST-0387,81,11,2956.38,2023-07-31,2024-10-05,3.090909090909091,0.0,268.76,5,5,4,Champions
CUST-0388,111,12,3951.48,2023-11-12,2024-09-05,3.8181818181818183,0.0,329.29,4,5,5,Champions
CUST-0389,249,8,1545.31,2023-06-23,2024-04-20,3.875,0.0,193.16,1,4,3,At Risk
CUST-0390,54,13,3517.0,2023-06-07,2024-11-01,2.8461538461538463,0.07692307692307693,270.54,5,5,5,Champions
CUST-0391,202,10,2894.7200000000003,2023-05-29,2024-06-06,3.5,0.2,289.47,2,5,4,At Risk
CUST-0392,130,6,2220.42,2023-03-14,2024-08-17,4.0,0.0,370.07,3,3,4,Loyal Customers
CUST-0393,110,16,7651.08,2023-02-10,2024-09-06,3.0,0.0,478.19,4,5,5,Champions
CUST-0394,81,10,4338.03,2023-04-05,2024-10-05,3.5,0.0,433.8,5,5,5,Champions
CUST-0395,120,13,4752.63,2023-05-18,2024-08-27,4.583333333333333,0.0,365.59,4,5,5,Champions
CUST-0396,155,12,5192.07,2023-05-01,2024-07-23,3.727272727272727,0.08333333333333333,432.67,3,5,5,Loyal Customers
CUST-0397,314,6,1784.94,2023-03-18,2024-02-15,3.0,0.0,297.49,1,3,3,At Risk
CUST-0398,176,12,4299.99,2023-05-06,2024-07-02,3.3636363636363638,0.08333333333333333,358.33,2,5,5,At Risk
CUST-0399,174,14,3207.34,2023-05-04,2024-07-04,3.3076923076923075,0.0,229.1,3,5,5,Loyal Customers
CUST-0400,120,11,3940.0,2023-06-01,2024-08-27,2.3636363636363638,0.0,358.18,4,5,5,Champions
CUST-0401,286,6,1638.8,2023-03-03,2024-03-14,3.2,0.0,273.13,1,3,3,At Risk
CUST-0402,88,12,6164.47,2023-06-30,2024-09-28,3.090909090909091,0.0,513.71,4,5,5,Champions
CUST-0403,56,15,4844.5599999999995,2023-08-12,2024-10-30,3.3333333333333335,0.06666666666666667,322.97,5,5,5,Champions
CUST-0404,79,7,3443.9600000000005,2023-12-21,2024-10-07,3.2857142857142856,0.14285714285714285,491.99,5,4,5,Champions
CUST-0405,114,8,3221.89,2023-05-17,2024-09-02,3.5,0.0,402.74,4,4,5,Champions
CUST-0406,187,7,1402.5,2023-05-02,2024-06-21,2.857142857142857,0.0,200.36,2,4,3,At Risk
CUST-0407,45,15,2938.82,2023-03-16,2024-11-10,4.0,0.0,195.92,5,5,4,Champions
CUST-0408,120,14,3823.94,2023-06-07,2024-08-27,2.9285714285714284,0.0,273.14,4,5,5,Champions
CUST-0409,108,13,3240.02,2023-04-25,2024-09-08,3.923076923076923,0.0,249.23,4,5,5,Champions
CUST-0410,31,14,6768.66,2023-07-07,2024-11-24,3.6153846153846154,0.07142857142857142,483.48,5,5,5,Champions
CUST-0411,136,8,3970.79,2023-03-06,2024-08-11,3.375,0.0,496.35,3,4,5,Loyal Customers
CUST-0412,105,13,3550.6000000000004,2023-10-07,2024-09-11,3.6153846153846154,0.0,273.12,4,5,5,Champions
CUST-0413,80,9,3335.64,2023-05-01,2024-10-06,3.2222222222222223,0.0,370.63,5,4,5,Champions
CUST-0414,91,9,4058.18,2023-03-02,2024-09-25,3.4444444444444446,0.0,450.91,4,4,5,Champions
CUST-0415,50,7,4745.3099999999995,2024-01-28,2024-11-05,3.7142857142857144,0.0,677.9,5,4,5,Champions
CUST-0416,128,5,1037.42,2023-12-11,2024-08-19,4.4,0.0,207.48,3,3,2,Loyal Customers
CUST-0417,464,3,1205.64,2023-03-01,2023-09-18,4.0,0.0,401.88,1,2,3,Dormant
CUST-0418,32,12,7115.2,2023-09-04,2024-11-23,3.1818181818181817,0.0,592.93,5,5,5,Champions
CUST-0419,157,6,2718.5899999999997,2023-06-24,2024-07-21,2.0,0.16666666666666666,453.1,3,3,4,Loyal Customers
CUST-0420,65,8,2299.44,2023-07-22,2024-10-21,2.625,0.125,287.43,5,4,4,Champions
CUST-0421,88,12,5795.59,2023-06-11,2024-09-28,3.25,0.0,482.97,4,5,5,Champions
CUST-0422,12,9,2040.59,2023-05-20,2024-12-13,3.2222222222222223,0.1111111111111111,226.73,5,4,4,Champions
CUST-0423,215,13,5707.41,2023-03-16,2024-05-24,3.6153846153846154,0.07692307692307693,439.03,2,5,5,At Risk
CUST-0424,121,11,4457.53,2023-03-18,2024-08-26,3.5555555555555554,0.0,405.23,4,5,5,Champions
CUST-0425,171,6,4113.45,2023-07-12,2024-07-07,3.0,0.0,685.58,3,3,5,Loyal Customers
CUST-0426,136,6,1556.65,2023-07-03,2024-08-11,4.0,0.0,259.44,3,3,3,Loyal Customers
CUST-0427,102,13,5490.4800000000005,2023-02-12,2024-09-14,3.230769230769231,0.0,422.34,4,5,5,Champions
CUST-0428,195,5,1178.99,2023-08-31,2024-06-13,3.0,0.0,235.8,2,3,2,At Risk
CUST-0429,47,7,3652.4,2023-05-21,2024-11-08,2.7142857142857144,0.0,521.77,5,4,5,Champions
CUST-0430,243,7,4458.360000000001,2023-08-11,2024-04-26,3.0,0.0,636.91,1,4,5,At Risk
CUST-0431,115,8,2063.66,2023-08-30,2024-09-01,3.0,0.0,257.96,4,4,4,Champions
CUST-0432,103,11,4895.44,2023-08-30,2024-09-13,3.6363636363636362,0.09090909090909091,445.04,4,5,5,Champions
CUST-0433,18,10,3599.42,2023-07-06,2024-12-07,3.1,0.1,359.94,5,5,5,Champions
CUST-0434,81,11,5334.61,2023-08-12,2024-10-05,3.6363636363636362,0.09090909090909091,484.96,5,5,5,Champions
CUST-0435,154,8,3690.06,2023-08-24,2024-07-24,3.375,0.0,461.26,3,4,5,Loyal Customers
CUST-0436,41,9,3055.8500000000004,2023-10-17,2024-11-14,3.2222222222222223,0.1111111111111111,339.54,5,4,4,Champions
CUST-0437,172,11,3579.37,2023-01-19,2024-07-06,3.6363636363636362,0.0,325.4,3,5,5,Loyal Customers
CUST-0438,182,7,2337.27,2023-10-06,2024-06-26,3.5714285714285716,0.42857142857142855,333.9,2,4,4,At Risk
CUST-0439,145,13,3754.35,2023-03-12,2024-08-02,3.3846153846153846,0.0,288.8,3,5,5,Loyal Customers
CUST-0440,83,7,1602.04,2023-08-11,2024-10-03,3.142857142857143,0.2857142857142857,228.86,4,4,3,Champions
CUST-0441,97,13,5763.7,2023-06-15,2024-09-19,3.3076923076923075,0.0,443.36,4,5,5,Champions
CUST-0442,184,8,2101.5499999999997,2024-02-13,2024-06-24,3.875,0.0,262.69,2,4,4,At Risk
CUST-0443,135,9,3588.25,2023-08-08,2024-08-12,4.111111111111111,0.0,398.69,3,4,5,Loyal Customers
CUST-0444,110,11,2124.25,2023-06-15,2024-09-06,3.7,0.0,193.11,4,5,4,Champions
CUST-0445,271,7,5245.049999999999,2023-09-06,2024-03-29,3.2857142857142856,0.0,749.29,1,4,5,At Risk
CUST-0446,53,9,3891.84,2023-03-04,2024-11-02,3.125,0.2222222222222222,432.43,5,4,5,Champions
CUST-0447,108,7,3138.53,2023-03-29,2024-09-08,2.2857142857142856,0.0,448.36,4,4,4,Champions
CUST-0448,121,5,1095.27,2023-12-29,2024-08-26,2.8,0.0,219.05,4,3,2,Loyal Customers
CUST-0449,266,6,1917.29,2023-03-20,2024-04-03,3.4,0.0,319.55,1,3,3,At Risk
CUST-0450,182,7,1373.9099999999999,2023-06-28,2024-06-26,2.8333333333333335,0.0,196.27,2,4,3,At Risk
CUST-0451,96,9,3254.04,2023-04-18,2024-09-20,3.125,0.0,361.56,4,4,5,Champions
CUST-0452,77,8,3586.58,2023-10-16,2024-10-09,3.5714285714285716,0.0,448.32,5,4,5,Champions
CUST-0453,170,9,2228.31,2023-07-25,2024-07-08,3.3333333333333335,0.0,247.59,3,4,4,Loyal Customers
CUST-0454,243,7,3214.9700000000003,2023-09-01,2024-04-26,3.4285714285714284,0.14285714285714285,459.28,1,4,5,At Risk
CUST-0455,62,15,4649.16,2023-03-04,2024-10-24,3.5,0.0,309.94,5,5,5,Champions
CUST-0456,25,13,2175.13,2023-07-26,2024-11-30,4.0,0.0,167.32,5,5,4,Champions
CUST-0457,112,6,2528.57,2023-08-01,2024-09-04,2.8333333333333335,0.0,421.43,4,3,4,Loyal Customers
CUST-0458,99,11,2993.7,2023-07-21,2024-09-17,4.090909090909091,0.09090909090909091,272.15,4,5,4,Champions
CUST-0459,91,15,4371.93,2023-03-03,2024-09-25,3.2142857142857144,0.06666666666666667,291.46,4,5,5,Champions
CUST-0460,73,9,3622.18,2023-09-23,2024-10-13,4.222222222222222,0.1111111111111111,402.46,5,4,5,Champions
CUST-0461,36,6,772.62,2023-05-02,2024-11-19,2.3333333333333335,0.0,128.77,5,3,2,Loyal Customers
CUST-0462,131,13,2947.55,2023-07-14,2024-08-16,3.6923076923076925,0.07692307692307693,226.73,3,5,4,Loyal Customers
CUST-0463,187,15,5019.87,2023-04-05,2024-06-21,3.4615384615384617,0.0,334.66,2,5,5,At Risk
CUST-0464,119,8,3054.19,2023-07-31,2024-08-28,2.875,0.0,381.77,4,4,4,Champions
CUST-0465,123,8,3102.76,2023-03-16,2024-08-24,3.125,0.0,387.84,4,4,4,Champions
CUST-0466,151,9,2209.81,2023-06-23,2024-07-27,3.888888888888889,0.2222222222222222,245.53,3,4,4,Loyal Customers
CUST-0467,45,11,5888.41,2023-09-04,2024-11-10,3.090909090909091,0.09090909090909091,535.31,5,5,5,Champions
CUST-0468,16,11,5467.49,2023-06-28,2024-12-09,3.090909090909091,0.09090909090909091,497.04,5,5,5,Champions
CUST-0469,97,14,6889.01,2023-05-04,2024-09-19,3.5384615384615383,0.0,492.07,4,5,5,Champions
CUST-0470,131,12,3153.37,2023-03-07,2024-08-16,3.75,0.08333333333333333,262.78,3,5,4,Loyal Customers
CUST-0471,140,10,3241.5,2023-03-17,2024-08-07,3.7,0.0,324.15,3,5,5,Loyal Customers
CUST-0472,73,10,2213.94,2023-02-09,2024-10-13,3.7777777777777777,0.0,221.39,5,5,4,Champions
CUST-0473,58,7,2635.85,2023-12-17,2024-10-28,3.3333333333333335,0.0,376.55,5,4,4,Champions
CUST-0474,121,6,1235.96,2023-09-25,2024-08-26,4.8,0.0,205.99,4,3,3,Loyal Customers
CUST-0475,77,13,5927.4,2023-09-06,2024-10-09,4.166666666666667,0.07692307692307693,455.95,5,5,5,Champions
CUST-0476,151,16,7423.09,2023-05-18,2024-07-27,3.466666666666667,0.125,463.94,3,5,5,Loyal Customers
CUST-0477,55,14,5559.389999999999,2023-08-21,2024-10-31,2.7857142857142856,0.07142857142857142,397.1,5,5,5,Champions
CUST-0478,127,10,2188.7,2023-04-29,2024-08-20,4.0,0.1,218.87,3,5,4,Loyal Customers
CUST-0479,240,10,4393.29,2023-07-30,2024-04-29,3.1,0.1,439.33,2,5,5,At Risk
CUST-0480,77,10,2996.02,2023-01-19,2024-10-09,3.2,0.0,299.6,5,5,4,Champions
CUST-0481,37,10,2033.68,2023-03-17,2024-11-18,3.3,0.0,203.37,5,5,4,Champions
CUST-0482,160,7,2292.9,2023-04-28,2024-07-18,3.4285714285714284,0.0,327.56,3,4,4,Loyal Customers
CUST-0483,229,12,6025.29,2023-07-10,2024-05-10,3.9166666666666665,0.08333333333333333,502.11,2,5,5,At Risk
CUST-0484,163,12,5511.11,2023-03-24,2024-07-15,3.5833333333333335,0.08333333333333333,459.26,3,5,5,Loyal Customers
CUST-0485,158,9,3036.27,2023-04-28,2024-07-20,3.7777777777777777,0.1111111111111111,337.36,3,4,4,Loyal Customers
CUST-0486,179,13,4285.85,2023-07-27,2024-06-29,3.1538461538461537,0.0,329.68,2,5,5,At Risk
CUST-0487,59,13,4695.38,2023-07-17,2024-10-27,4.076923076923077,0.0,361.18,5,5,5,Champions
CUST-0488,85,8,2395.72,2023-10-01,2024-10-01,3.375,0.125,299.46,4,4,4,Champions
CUST-0489,4,10,2315.12,2023-01-30,2024-12-21,3.3,0.0,231.51,5,5,4,Champions
CUST-0490,96,13,5983.93,2023-09-15,2024-09-20,3.0,0.07692307692307693,460.3,4,5,5,Champions
CUST-0491,233,11,3247.19,2023-02-07,2024-05-06,3.6363636363636362,0.18181818181818182,295.2,2,5,5,At Risk
CUST-0492,203,8,1784.87,2023-10-11,2024-06-05,4.142857142857143,0.125,223.11,2,4,3,At Risk
CUST-0493,97,10,3114.5099999999998,2023-07-30,2024-09-19,2.9,0.0,311.45,4,5,4,Champions
CUST-0494,150,7,2552.62,2023-05-24,2024-07-28,3.4285714285714284,0.0,364.66,3,4,4,Loyal Customers
CUST-0495,162,6,939.8000000000001,2023-08-04,2024-07-16,3.1666666666666665,0.0,156.63,3,3,2,Loyal Customers
CUST-0496,165,11,3349.71,2023-03-09,2024-07-13,3.5,0.0,304.52,3,5,5,Loyal Customers
CUST-0497,86,2,275.48,2023-11-20,2024-09-30,3.5,0.0,137.74,4,1,1,Potential Loyalists
CUST-0498,194,15,6696.66,2023-05-02,2024-06-14,2.7333333333333334,0.0,446.44,2,5,5,At Risk
CUST-0499,102,11,4990.19,2023-05-17,2024-09-14,3.8181818181818183,0.0,453.65,4,5,5,Champions
CUST-0500,141,12,5317.9,2023-05-16,2024-08-06,3.6666666666666665,0.0,443.16,3,5,5,Loyal Customers
CUST-0501,116,9,3205.1,2023-09-30,2024-08-31,3.7777777777777777,0.0,356.12,4,4,5,Champions
CUST-0502,139,7,1776.6,2023-05-04,2024-08-08,3.142857142857143,0.0,253.8,3,4,3,Loyal Customers
CUST-0503,146,10,3422.0699999999997,2023-08-25,2024-08-01,3.5,0.2,342.21,3,5,5,Loyal Customers
CUST-0504,117,8,1928.6299999999999,2023-05-23,2024-08-30,3.25,0.0,241.08,4,4,3,Champions
CUST-0505,65,10,2229.5,2023-06-07,2024-10-21,4.1,0.1,222.95,5,5,4,Champions
CUST-0506,151,11,3962.88,2023-06-22,2024-07-27,3.909090909090909,0.0,360.26,3,5,5,Loyal Customers
CUST-0507,261,5,1438.0,2023-11-11,2024-04-08,2.8,0.0,287.6,1,3,3,At Risk
CUST-0508,186,11,3231.42,2023-08-09,2024-06-22,3.0,0.09090909090909091,293.77,2,5,5,At Risk
CUST-0509,177,7,2665.84,2023-06-11,2024-07-01,3.0,0.0,380.83,2,4,4,At Risk
CUST-0510,79,6,1236.6200000000001,2023-11-07,2024-10-07,3.5,0.0,206.1,5,3,3,Loyal Customers
CUST-0511,62,15,4138.74,2023-06-03,2024-10-24,3.2142857142857144,0.0,275.92,5,5,5,Champions
CUST-0512,202,10,1982.8000000000002,2023-07-04,2024-06-06,3.1,0.0,198.28,2,5,4,At Risk
CUST-0513,135,10,1820.46,2023-01-25,2024-08-12,3.2,0.1,182.05,3,5,3,Loyal Customers
CUST-0514,255,12,3425.73,2023-02-15,2024-04-14,3.6363636363636362,0.0,285.48,1,5,5,At Risk
CUST-0515,111,7,4519.71,2023-03-17,2024-09-05,3.4285714285714284,0.0,645.67,4,4,5,Champions
CUST-0516,58,9,4099.6900000000005,2023-10-06,2024-10-28,3.4444444444444446,0.0,455.52,5,4,5,Champions
CUST-0517,207,6,1655.3600000000001,2023-08-21,2024-06-01,3.3333333333333335,0.0,275.89,2,3,3,At Risk
CUST-0518,19,14,4551.36,2023-09-10,2024-12-06,2.7857142857142856,0.0,325.1,5,5,5,Champions
CUST-0519,85,11,3115.21,2023-08-11,2024-10-01,3.3636363636363638,0.09090909090909091,283.2,4,5,4,Champions
CUST-0520,68,12,3988.32,2023-03-12,2024-10-18,3.4166666666666665,0.16666666666666666,332.36,5,5,5,Champions
CUST-0521,1,7,1374.69,2023-10-13,2024-12-24,3.0,0.14285714285714285,196.38,5,4,3,Champions
CUST-0522,162,8,1879.4099999999999,2023-07-18,2024-07-16,3.4285714285714284,0.0,234.93,3,4,3,Loyal Customers
CUST-0523,182,4,995.97,2023-10-19,2024-06-26,5.333333333333333,0.0,248.99,2,2,2,Dormant
CUST-0524,215,10,4950.360000000001,2023-07-18,2024-05-24,4.0,0.0,495.04,2,5,5,At Risk
CUST-0525,84,14,5162.82,2023-10-15,2024-10-02,3.7142857142857144,0.0,368.77,4,5,5,Champions
CUST-0526,103,7,1502.11,2023-09-21,2024-09-13,3.142857142857143,0.0,214.59,4,4,3,Champions
CUST-0527,193,10,4661.92,2023-04-24,2024-06-15,2.7,0.1,466.19,2,5,5,At Risk
CUST-0528,38,13,5205.65,2023-02-17,2024-11-17,3.4615384615384617,0.0,400.43,5,5,5,Champions
CUST-0529,91,9,2368.77,2023-07-01,2024-09-25,3.111111111111111,0.1111111111111111,263.2,4,4,4,Champions
CUST-0530,164,5,911.81,2023-08-12,2024-07-14,3.4,0.2,182.36,3,3,2,Loyal Customers
CUST-0531,93,11,3440.7200000000003,2023-04-13,2024-09-23,3.0,0.0,312.79,4,5,5,Champions
CUST-0532,71,9,2801.67,2023-08-24,2024-10-15,4.111111111111111,0.0,311.3,5,4,4,Champions
CUST-0533,136,7,3473.98,2023-07-23,2024-08-11,3.5714285714285716,0.0,496.28,3,4,5,Loyal Customers
CUST-0534,56,8,2382.28,2023-05-21,2024-10-30,3.0,0.0,297.79,5,4,4,Champions
CUST-0535,291,5,2079.9,2023-08-12,2024-03-09,4.0,0.0,415.98,1,3,4,At Risk
CUST-0536,28,7,2719.58,2023-11-08,2024-11-27,3.142857142857143,0.0,388.51,5,4,4,Champions
CUST-0537,208,10,5874.66,2023-03-23,2024-05-31,3.3,0.0,587.47,2,5,5,At Risk
CUST-0538,83,11,2688.94,2023-04-03,2024-10-03,3.6363636363636362,0.09090909090909091,244.45,4,5,4,Champions
CUST-0539,132,6,1826.73,2023-03-04,2024-08-15,3.6666666666666665,0.0,304.46,3,3,3,Loyal Customers
CUST-0540,59,6,2083.6,2023-05-12,2024-10-27,3.0,0.0,347.27,5,3,4,Loyal Customers
CUST-0541,134,7,1905.8200000000002,2023-06-16,2024-08-13,3.142857142857143,0.14285714285714285,272.26,3,4,3,Loyal Customers
CUST-0542,181,10,4499.3099999999995,2023-03-20,2024-06-27,3.8,0.1,449.93,2,5,5,At Risk
CUST-0543,22,12,2151.16,2023-08-13,2024-12-03,3.4166666666666665,0.0,179.26,5,5,4,Champions
CUST-0544,199,3,795.6,2024-01-03,2024-06-09,3.0,0.0,265.2,2,2,2,Dormant
CUST-0545,110,8,3773.55,2023-07-19,2024-09-06,3.5,0.0,471.69,4,4,5,Champions
CUST-0546,94,10,2420.13,2023-04-08,2024-09-22,2.9,0.1,242.01,4,5,4,Champions
CUST-0547,138,8,2625.13,2023-04-23,2024-08-09,2.875,0.125,328.14,3,4,4,Loyal Customers
CUST-0548,128,11,3622.07,2023-08-24,2024-08-19,2.909090909090909,0.0,329.28,3,5,5,Loyal Customers
CUST-0549,53,11,2751.05,2023-06-27,2024-11-02,2.909090909090909,0.0,250.1,5,5,4,Champions
CUST-0550,188,10,2336.07,2023-04-30,2024-06-20,3.375,0.1,233.61,2,5,4,At Risk
CUST-0551,257,8,2318.78,2023-09-05,2024-04-12,4.0,0.0,289.85,1,4,4,At Risk
CUST-0552,150,8,2423.57,2023-07-28,2024-07-28,4.0,0.0,302.95,3,4,4,Loyal Customers
CUST-0553,65,14,5627.63,2023-06-04,2024-10-21,3.2857142857142856,0.07142857142857142,401.97,5,5,5,Champions
CUST-0554,222,7,3924.11,2023-10-18,2024-05-17,3.5714285714285716,0.0,560.59,2,4,5,At Risk
CUST-0555,108,9,3473.4700000000003,2023-08-06,2024-09-08,2.625,0.1111111111111111,385.94,4,4,5,Champions
CUST-0556,45,15,6290.22,2023-05-30,2024-11-10,3.142857142857143,0.06666666666666667,419.35,5,5,5,Champions
CUST-0557,116,18,4235.36,2023-03-17,2024-08-31,3.5555555555555554,0.05555555555555555,235.3,4,5,5,Champions
CUST-0558,161,15,5165.6900000000005,2023-04-28,2024-07-17,3.8,0.06666666666666667,344.38,3,5,5,Loyal Customers
CUST-0559,99,11,5924.92,2023-05-30,2024-09-17,3.909090909090909,0.0,538.63,4,5,5,Champions
CUST-0560,74,7,2653.91,2023-08-25,2024-10-12,3.5714285714285716,0.14285714285714285,379.13,5,4,4,Champions
CUST-0561,49,18,7102.42,2023-04-23,2024-11-06,3.375,0.0,394.58,5,5,5,Champions
CUST-0562,95,14,2866.02,2023-09-12,2024-09-21,3.4285714285714284,0.0,204.72,4,5,4,Champions
CUST-0563,182,7,1638.04,2023-09-12,2024-06-26,3.0,0.14285714285714285,234.01,2,4,3,At Risk
CUST-0564,148,6,1793.7,2023-05-01,2024-07-30,2.8333333333333335,0.16666666666666666,298.95,3,3,3,Loyal Customers
CUST-0565,14,12,3760.25,2023-08-03,2024-12-11,3.3333333333333335,0.08333333333333333,313.35,5,5,5,Champions
CUST-0566,87,14,3116.7400000000002,2023-07-21,2024-09-29,4.285714285714286,0.0,222.62,4,5,4,Champions
CUST-0567,234,6,913.5,2023-06-06,2024-05-05,3.6666666666666665,0.0,152.25,2,3,2,At Risk
CUST-0568,300,11,4980.65,2023-05-22,2024-02-29,3.4545454545454546,0.09090909090909091,452.79,1,5,5,At Risk
CUST-0569,186,4,1257.8899999999999,2023-09-09,2024-06-22,4.0,0.0,314.47,2,2,3,Dormant
CUST-0570,82,16,6562.45,2023-04-25,2024-10-04,3.75,0.0625,410.15,4,5,5,Champions
CUST-0571,232,8,1577.09,2023-07-20,2024-05-07,4.375,0.25,197.14,2,4,3,At Risk
CUST-0572,108,9,3573.6,2023-05-21,2024-09-08,3.2222222222222223,0.1111111111111111,397.07,4,4,5,Champions
CUST-0573,74,11,2822.05,2023-04-05,2024-10-12,3.6363636363636362,0.0,256.55,5,5,4,Champions
CUST-0574,47,7,5524.0199999999995,2023-12-11,2024-11-08,2.857142857142857,0.0,789.15,5,4,5,Champions
CUST-0575,177,8,3285.55,2023-06-22,2024-07-01,3.375,0.0,410.69,2,4,5,At Risk
CUST-0576,127,9,1784.5,2023-02-20,2024-08-20,2.5555555555555554,0.0,198.28,3,4,3,Loyal Customers
CUST-0577,149,14,3750.8199999999997,2023-05-21,2024-07-29,3.642857142857143,0.0,267.92,3,5,5,Loyal Customers
CUST-0578,179,13,3426.59,2023-02-28,2024-06-29,3.6923076923076925,0.0,263.58,2,5,5,At Risk
CUST-0579,129,11,4840.03,2023-06-11,2024-08-18,3.909090909090909,0.0,440.0,3,5,5,Loyal Customers
CUST-0580,156,12,5760.92,2023-07-19,2024-07-22,3.8333333333333335,0.0,480.08,3,5,5,Loyal Customers
CUST-0581,147,7,2389.67,2023-03-20,2024-07-31,3.2857142857142856,0.0,341.38,3,4,4,Loyal Customers
CUST-0582,11,8,4468.88,2023-08-04,2024-12-14,4.625,0.0,558.61,5,4,5,Champions
CUST-0583,222,4,1897.76,2023-05-05,2024-05-17,2.75,0.0,474.44,2,2,3,Dormant
CUST-0584,53,22,7568.0,2023-01-15,2024-11-02,3.1363636363636362,0.0,344.0,5,5,5,Champions
CUST-0585,129,8,3079.64,2023-03-21,2024-08-18,4.25,0.125,384.96,3,4,4,Loyal Customers
CUST-0586,144,10,3230.86,2023-02-09,2024-08-03,3.2,0.1,323.09,3,5,5,Loyal Customers
CUST-0587,50,9,2087.33,2023-04-09,2024-11-05,3.0,0.1111111111111111,231.93,5,4,4,Champions
CUST-0588,106,9,3777.41,2023-07-28,2024-09-10,2.888888888888889,0.1111111111111111,419.71,4,4,5,Champions
CUST-0589,34,14,4250.64,2023-07-31,2024-11-21,3.7857142857142856,0.0,303.62,5,5,5,Champions
CUST-0590,59,4,510.99,2023-11-07,2024-10-27,3.0,0.25,127.75,5,2,1,Potential Loyalists
CUST-0591,61,14,5041.13,2023-04-10,2024-10-25,3.857142857142857,0.14285714285714285,360.08,5,5,5,Champions
CUST-0592,124,9,3499.23,2023-05-10,2024-08-23,3.111111111111111,0.0,388.8,4,4,5,Champions
CUST-0593,30,13,3875.44,2023-08-20,2024-11-25,2.8461538461538463,0.07692307692307693,298.11,5,5,5,Champions
CUST-0594,130,8,2284.43,2023-05-24,2024-08-17,3.625,0.125,285.55,3,4,4,Loyal Customers
CUST-0595,216,15,3129.21,2023-04-17,2024-05-23,3.466666666666667,0.06666666666666667,208.61,2,5,4,At Risk
CUST-0596,111,9,1390.48,2023-06-25,2024-09-05,4.222222222222222,0.1111111111111111,154.5,4,4,3,Champions
CUST-0597,88,9,3191.12,2023-06-19,2024-09-28,3.5555555555555554,0.1111111111111111,354.57,4,4,4,Champions
CUST-0598,92,13,5031.67,2023-01-25,2024-09-24,3.8461538461538463,0.0,387.05,4,5,5,Champions
CUST-0599,146,10,4023.34,2023-05-24,2024-08-01,3.4,0.0,402.33,3,5,5,Loyal Customers
CUST-0600,110,10,1264.54,2023-04-29,2024-09-06,3.5,0.1,126.45,4,5,3,Champions
CUST-0601,121,14,3710.84,2023-04-27,2024-08-26,3.0714285714285716,0.0,265.06,4,5,5,Champions
CUST-0602,126,7,1904.5600000000002,2023-05-31,2024-08-21,3.4285714285714284,0.0,272.08,3,4,3,Loyal Customers
CUST-0603,170,10,2980.66,2023-04-04,2024-07-08,4.5,0.1,298.07,3,5,4,Loyal Customers
CUST-0604,98,9,1968.39,2023-01-14,2024-09-18,2.7777777777777777,0.0,218.71,4,4,4,Champions
CUST-0605,68,9,1955.3400000000001,2023-03-02,2024-10-18,3.7777777777777777,0.0,217.26,5,4,3,Champions
CUST-0606,12,15,6707.74,2023-03-27,2024-12-13,3.533333333333333,0.06666666666666667,447.18,5,5,5,Champions
CUST-0607,80,14,3533.2599999999998,2023-05-07,2024-10-06,3.5384615384615383,0.0,252.38,5,5,5,Champions
CUST-0608,44,13,2683.11,2023-05-16,2024-11-11,3.3846153846153846,0.0,206.39,5,5,4,Champions
CUST-0609,61,8,2327.39,2023-06-14,2024-10-25,2.75,0.125,290.92,5,4,4,Champions
CUST-0610,47,13,8918.86,2023-08-04,2024-11-08,3.8333333333333335,0.0,686.07,5,5,5,Champions
CUST-0611,35,14,4108.74,2023-09-18,2024-11-20,2.9285714285714284,0.0,293.48,5,5,5,Champions
CUST-0612,151,9,4801.719999999999,2023-06-01,2024-07-27,2.875,0.0,533.52,3,4,5,Loyal Customers
CUST-0613,81,9,1938.78,2023-02-20,2024-10-05,3.5555555555555554,0.0,215.42,5,4,3,Champions
CUST-0614,70,12,4360.38,2023-06-20,2024-10-16,3.1818181818181817,0.08333333333333333,363.36,5,5,5,Champions
CUST-0615,214,8,4424.77,2023-05-18,2024-05-25,3.375,0.0,553.1,2,4,5,At Risk
CUST-0616,219,7,1492.54,2023-08-03,2024-05-20,3.857142857142857,0.0,213.22,2,4,3,At Risk
CUST-0617,144,12,6128.11,2023-05-28,2024-08-03,4.545454545454546,0.0,510.68,3,5,5,Loyal Customers
CUST-0618,152,10,2907.66,2023-05-24,2024-07-26,3.2,0.0,290.77,3,5,4,Loyal Customers
CUST-0619,75,13,3854.73,2023-09-10,2024-10-11,3.769230769230769,0.0,296.52,5,5,5,Champions
CUST-0620,164,7,992.8199999999999,2023-04-01,2024-07-14,3.4285714285714284,0.0,141.83,3,4,2,Loyal Customers
CUST-0621,93,9,4365.47,2023-06-16,2024-09-23,3.6666666666666665,0.1111111111111111,485.05,4,4,5,Champions
CUST-0622,282,4,1819.91,2023-09-22,2024-03-18,3.0,0.0,454.98,1,2,3,Dormant
CUST-0623,182,10,3037.85,2023-03-05,2024-06-26,4.4,0.0,303.78,2,5,4,At Risk
CUST-0624,79,8,2137.48,2023-06-21,2024-10-07,3.25,0.125,267.18,5,4,4,Champions
CUST-0625,174,12,8546.98,2023-04-14,2024-07-04,3.1666666666666665,0.0,712.25,3,5,5,Loyal Customers
CUST-0626,89,9,3485.98,2023-04-26,2024-09-27,3.625,0.1111111111111111,387.33,4,4,5,Champions
CUST-0627,218,6,1695.28,2023-05-31,2024-05-21,3.6,0.0,282.55,2,3,3,At Risk
CUST-0628,59,13,2799.94,2023-01-23,2024-10-27,3.3076923076923075,0.0,215.38,5,5,4,Champions
CUST-0629,54,9,2922.28,2023-04-15,2024-11-01,2.888888888888889,0.0,324.7,5,4,4,Champions
CUST-0630,56,15,8032.0599999999995,2023-05-26,2024-10-30,3.4285714285714284,0.0,535.47,5,5,5,Champions
CUST-0631,57,10,3424.96,2023-07-22,2024-10-29,3.8,0.0,342.5,5,5,5,Champions
CUST-0632,81,10,3103.2799999999997,2024-01-31,2024-10-05,4.3,0.3,310.33,5,5,4,Champions
CUST-0633,84,6,1600.47,2023-04-23,2024-10-02,3.1666666666666665,0.0,266.74,4,3,3,Loyal Customers
CUST-0634,217,8,1943.02,2023-06-16,2024-05-22,3.375,0.0,242.88,2,4,3,At Risk
CUST-0635,80,8,1700.83,2023-03-14,2024-10-06,4.375,0.125,212.6,5,4,3,Champions
CUST-0636,38,4,991.1800000000001,2024-01-16,2024-11-17,4.0,0.0,247.8,5,2,2,Potential Loyalists
CUST-0637,71,9,2515.57,2023-07-09,2024-10-15,2.888888888888889,0.0,279.51,5,4,4,Champions
CUST-0638,71,8,1641.22,2023-04-17,2024-10-15,3.2857142857142856,0.0,205.15,5,4,3,Champions
CUST-0639,152,4,873.5799999999999,2023-12-12,2024-07-26,3.5,0.0,218.4,3,2,2,Potential Loyalists
CUST-0640,112,11,2969.48,2023-05-09,2024-09-04,3.090909090909091,0.0,269.95,4,5,4,Champions
CUST-0641,173,9,1475.93,2023-07-21,2024-07-05,3.4444444444444446,0.1111111111111111,163.99,3,4,3,Loyal Customers
CUST-0642,189,5,2652.84,2023-12-31,2024-06-19,3.0,0.0,530.57,2,3,4,At Risk
CUST-0643,79,6,3094.75,2023-07-28,2024-10-07,4.166666666666667,0.0,515.79,5,3,4,Loyal Customers
CUST-0644,201,11,4928.09,2023-10-15,2024-06-07,2.6363636363636362,0.0,448.01,2,5,5,At Risk
CUST-0645,261,10,2694.63,2023-09-04,2024-04-08,3.9,0.0,269.46,1,5,4,At Risk
CUST-0646,170,11,3754.2299999999996,2023-03-11,2024-07-08,3.5555555555555554,0.0,341.29,3,5,5,Loyal Customers
CUST-0647,162,12,2353.86,2023-08-25,2024-07-16,3.0833333333333335,0.08333333333333333,196.16,3,5,4,Loyal Customers
CUST-0648,144,4,1717.1,2023-10-21,2024-08-03,3.0,0.25,429.28,3,2,3,Potential Loyalists
CUST-0649,149,7,1511.61,2023-02-04,2024-07-29,3.2857142857142856,0.0,215.94,3,4,3,Loyal Customers
CUST-0650,165,5,3070.21,2023-08-28,2024-07-13,3.0,0.0,614.04,3,3,4,Loyal Customers
CUST-0651,67,10,2715.24,2023-06-06,2024-10-19,4.4,0.1,271.52,5,5,4,Champions
CUST-0652,62,18,5771.27,2023-02-16,2024-10-24,4.277777777777778,0.0,320.63,5,5,5,Champions
CUST-0653,191,9,2079.2799999999997,2023-11-25,2024-06-17,4.0,0.0,231.03,2,4,4,At Risk
CUST-0654,245,7,2058.42,2023-02-19,2024-04-24,2.6666666666666665,0.14285714285714285,294.06,1,4,4,At Risk
CUST-0655,16,16,5891.43,2023-07-14,2024-12-09,3.25,0.1875,368.21,5,5,5,Champions
CUST-0656,239,10,3171.93,2023-03-08,2024-04-30,3.2222222222222223,0.0,317.19,2,5,4,At Risk
CUST-0657,67,11,2009.73,2023-03-25,2024-10-19,3.6,0.0,182.7,5,5,4,Champions
CUST-0658,209,9,2237.43,2023-06-09,2024-05-30,3.3333333333333335,0.0,248.6,2,4,4,At Risk
CUST-0659,101,15,3556.2799999999997,2023-05-22,2024-09-15,3.5,0.06666666666666667,237.09,4,5,5,Champions
CUST-0660,124,6,1982.69,2023-07-28,2024-08-23,3.0,0.16666666666666666,330.45,4,3,4,Loyal Customers
CUST-0661,105,9,2856.73,2023-04-25,2024-09-11,3.5555555555555554,0.0,317.41,4,4,4,Champions
CUST-0662,118,11,3116.3900000000003,2023-05-05,2024-08-29,3.727272727272727,0.0,283.31,4,5,4,Champions
CUST-0663,82,9,1805.13,2023-09-02,2024-10-04,3.888888888888889,0.0,200.57,4,4,3,Champions
CUST-0664,36,11,3582.15,2023-03-28,2024-11-19,3.1818181818181817,0.18181818181818182,325.65,5,5,5,Champions
CUST-0665,137,3,931.3399999999999,2024-01-23,2024-08-10,3.6666666666666665,0.0,310.45,3,2,2,Potential Loyalists
CUST-0666,132,15,4088.91,2023-03-01,2024-08-15,3.066666666666667,0.2,272.59,3,5,5,Loyal Customers
CUST-0667,31,6,2009.88,2023-10-22,2024-11-24,3.1666666666666665,0.0,334.98,5,3,4,Loyal Customers
CUST-0668,32,14,4107.55,2023-09-22,2024-11-23,3.5,0.07142857142857142,293.4,5,5,5,Champions
CUST-0669,38,12,2260.55,2023-06-17,2024-11-17,3.0,0.16666666666666666,188.38,5,5,4,Champions
CUST-0670,94,9,2900.7000000000003,2023-04-03,2024-09-22,2.5555555555555554,0.2222222222222222,322.3,4,4,4,Champions
CUST-0671,95,7,2720.16,2023-10-13,2024-09-21,3.4285714285714284,0.14285714285714285,388.59,4,4,4,Champions
CUST-0672,124,12,4330.98,2023-04-12,2024-08-23,3.3636363636363638,0.0,360.92,4,5,5,Champions
CUST-0673,195,9,2039.38,2023-03-26,2024-06-13,3.5555555555555554,0.1111111111111111,226.6,2,4,4,At Risk
CUST-0674,27,11,4200.44,2023-02-20,2024-11-28,3.5454545454545454,0.0,381.86,5,5,5,Champions
CUST-0675,110,15,4457.5,2023-05-28,2024-09-06,3.357142857142857,0.0,297.17,4,5,5,Champions
CUST-0676,167,14,3504.15,2023-05-25,2024-07-11,3.2857142857142856,0.0,250.3,3,5,5,Loyal Customers
CUST-0677,172,3,672.69,2023-05-03,2024-07-06,3.0,0.0,224.23,3,2,2,Potential Loyalists
CUST-0678,49,8,3630.33,2023-09-11,2024-11-06,3.5,0.125,453.79,5,4,5,Champions
CUST-0679,18,7,3055.15,2023-09-08,2024-12-07,3.5714285714285716,0.0,436.45,5,4,4,Champions
CUST-0680,97,14,6175.3099999999995,2023-05-27,2024-09-19,3.1538461538461537,0.07142857142857142,441.09,4,5,5,Champions
CUST-0681,137,12,6726.4400000000005,2023-02-12,2024-08-10,3.8333333333333335,0.08333333333333333,560.54,3,5,5,Loyal Customers
CUST-0682,84,13,3013.28,2023-03-20,2024-10-02,4.333333333333333,0.15384615384615385,231.79,4,5,4,Champions
CUST-0683,123,9,3048.07,2023-04-10,2024-08-24,3.0,0.1111111111111111,338.67,4,4,4,Champions
CUST-0684,311,2,746.12,2023-10-21,2024-02-18,2.0,0.0,373.06,1,1,2,Dormant
CUST-0685,174,13,6119.25,2023-06-15,2024-07-04,3.3846153846153846,0.07692307692307693,470.71,3,5,5,Loyal Customers
CUST-0686,186,10,4778.639999999999,2023-06-12,2024-06-22,3.5,0.0,477.86,2,5,5,At Risk
CUST-0687,73,15,3827.09,2023-04-29,2024-10-13,3.4,0.0,255.14,5,5,5,Champions
CUST-0688,114,8,2518.66,2023-10-18,2024-09-02,3.375,0.0,314.83,4,4,4,Champions
CUST-0689,59,12,3592.97,2023-03-24,2024-10-27,3.4166666666666665,0.4166666666666667,299.41,5,5,5,Champions
CUST-0690,253,6,1250.33,2023-09-22,2024-04-16,3.6666666666666665,0.16666666666666666,208.39,1,3,3,At Risk
CUST-0691,201,6,1362.5,2023-07-18,2024-06-07,2.6666666666666665,0.0,227.08,2,3,3,At Risk
CUST-0692,37,7,2572.02,2023-07-09,2024-11-18,4.0,0.14285714285714285,367.43,5,4,4,Champions
CUST-0693,69,6,3251.6499999999996,2023-06-17,2024-10-17,4.5,0.0,541.94,5,3,5,Loyal Customers
CUST-0694,53,8,1793.8799999999999,2023-03-26,2024-11-02,3.0,0.0,224.24,5,4,3,Champions
CUST-0695,64,11,3383.85,2023-06-23,2024-10-22,3.909090909090909,0.0,307.62,5,5,5,Champions
CUST-0696,157,9,2910.6099999999997,2023-03-12,2024-07-21,3.0,0.0,323.4,3,4,4,Loyal Customers
CUST-0697,25,8,1222.77,2023-09-03,2024-11-30,3.25,0.0,152.85,5,4,3,Champions
CUST-0698,24,9,4800.33,2023-05-06,2024-12-01,4.375,0.0,533.37,5,4,5,Champions
CUST-0699,120,6,1590.34,2023-01-28,2024-08-27,3.5,0.16666666666666666,265.06,4,3,3,Loyal Customers
CUST-0700,51,11,2276.0,2023-03-15,2024-11-04,4.1,0.09090909090909091,206.91,5,5,4,Champions
CUST-0701,234,5,1131.25,2023-09-19,2024-05-05,2.8,0.0,226.25,2,3,2,At Risk
CUST-0702,182,12,4583.53,2023-07-03,2024-06-26,4.0,0.0,381.96,2,5,5,At Risk
CUST-0703,188,10,1944.41,2023-01-27,2024-06-20,3.2222222222222223,0.1,194.44,2,5,3,At Risk
CUST-0704,217,11,4605.52,2023-09-10,2024-05-22,3.727272727272727,0.0,418.68,2,5,5,At Risk
CUST-0705,72,13,4322.08,2023-04-27,2024-10-14,3.230769230769231,0.07692307692307693,332.47,5,5,5,Champions
CUST-0706,163,17,5152.1,2023-06-10,2024-07-15,3.2941176470588234,0.058823529411764705,303.06,3,5,5,Loyal Customers
CUST-0707,44,9,3455.71,2023-02-26,2024-11-11,3.4444444444444446,0.1111111111111111,383.97,5,4,5,Champions
CUST-0708,87,5,1301.94,2023-06-17,2024-09-29,2.6,0.0,260.39,4,3,3,Loyal Customers
CUST-0709,163,9,3741.9300000000003,2023-01-07,2024-07-15,3.2222222222222223,0.0,415.77,3,4,5,Loyal Customers
CUST-0710,54,7,1750.8,2023-09-12,2024-11-01,3.142857142857143,0.0,250.11,5,4,3,Champions
CUST-0711,79,6,2363.44,2023-02-02,2024-10-07,4.0,0.3333333333333333,393.91,5,3,4,Loyal Customers
CUST-0712,177,6,1354.99,2023-07-27,2024-07-01,4.166666666666667,0.0,225.83,2,3,3,At Risk
CUST-0713,127,4,1074.94,2023-12-29,2024-08-20,3.0,0.0,268.74,3,2,2,Potential Loyalists
CUST-0714,44,17,4989.4400000000005,2023-03-17,2024-11-11,3.3529411764705883,0.0,293.5,5,5,5,Champions
CUST-0715,55,14,3208.6400000000003,2023-07-12,2024-10-31,3.142857142857143,0.14285714285714285,229.19,5,5,5,Champions
CUST-0716,60,9,2736.9300000000003,2023-07-22,2024-10-26,3.4444444444444446,0.1111111111111111,304.1,5,4,4,Champions
CUST-0717,66,5,1497.8899999999999,2023-06-29,2024-10-20,3.4,0.0,299.58,5,3,3,Loyal Customers
CUST-0718,163,4,879.45,2023-04-23,2024-07-15,2.5,0.5,219.86,3,2,2,Potential Loyalists
CUST-0719,229,6,3246.69,2023-01-27,2024-05-10,3.8333333333333335,0.0,541.12,2,3,5,At Risk
CUST-0720,171,10,2354.5,2023-07-11,2024-07-07,3.3,0.0,235.45,3,5,4,Loyal Customers
CUST-0721,81,11,3249.33,2023-01-10,2024-10-05,3.5454545454545454,0.09090909090909091,295.39,5,5,5,Champions
CUST-0722,46,8,2265.71,2023-09-08,2024-11-09,3.125,0.0,283.21,5,4,4,Champions
CUST-0723,98,5,1150.76,2023-09-25,2024-09-18,3.2,0.0,230.15,4,3,2,Loyal Customers
CUST-0724,90,5,1370.96,2023-08-01,2024-09-26,2.25,0.0,274.19,4,3,3,Loyal Customers
CUST-0725,65,7,1806.39,2023-08-22,2024-10-21,3.5714285714285716,0.0,258.06,5,4,3,Champions
CUST-0726,62,11,2952.75,2023-09-05,2024-10-24,3.4,0.0,268.43,5,5,4,Champions
CUST-0727,100,13,8644.640000000001,2023-09-30,2024-09-16,3.6153846153846154,0.07692307692307693,664.97,4,5,5,Champions
CUST-0728,128,14,4462.36,2023-02-09,2024-08-19,3.357142857142857,0.14285714285714285,318.74,3,5,5,Loyal Customers
CUST-0729,63,13,2140.41,2023-04-30,2024-10-23,3.4166666666666665,0.0,164.65,5,5,4,Champions
CUST-0730,91,10,3115.1,2023-05-06,2024-09-25,3.7,0.1,311.51,4,5,4,Champions
CUST-0731,33,8,2372.71,2023-06-05,2024-11-22,3.875,0.0,296.59,5,4,4,Champions
CUST-0732,248,6,1375.69,2023-02-23,2024-04-21,4.166666666666667,0.0,229.28,1,3,3,At Risk
CUST-0733,16,13,4819.53,2023-03-04,2024-12-09,3.75,0.07692307692307693,370.73,5,5,5,Champions
CUST-0734,104,13,4811.04,2023-09-21,2024-09-12,3.4615384615384617,0.07692307692307693,370.08,4,5,5,Champions
CUST-0735,114,12,3603.36,2023-09-09,2024-09-02,4.181818181818182,0.0,300.28,4,5,5,Champions
CUST-0736,147,9,3118.59,2023-06-22,2024-07-31,3.0,0.0,346.51,3,4,4,Loyal Customers
CUST-0737,109,10,2179.59,2023-07-27,2024-09-07,3.3,0.1,217.96,4,5,4,Champions
CUST-0738,227,9,3125.9,2023-03-16,2024-05-12,3.2222222222222223,0.0,347.32,2,4,4,At Risk
CUST-0739,196,8,2209.2,2023-03-23,2024-06-12,3.0,0.0,276.15,2,4,4,At Risk
CUST-0740,151,12,2595.42,2023-06-02,2024-07-27,4.333333333333333,0.0,216.28,3,5,4,Loyal Customers
CUST-0741,90,13,7507.33,2023-03-23,2024-09-26,3.0,0.07692307692307693,577.49,4,5,5,Champions
CUST-0742,213,8,4161.99,2023-04-22,2024-05-26,4.0,0.0,520.25,2,4,5,At Risk
CUST-0743,101,9,1378.82,2023-04-21,2024-09-15,3.2222222222222223,0.0,153.2,4,4,3,Champions
CUST-0744,126,6,4336.76,2023-05-27,2024-08-21,4.4,0.0,722.79,3,3,5,Loyal Customers
CUST-0745,83,6,1496.89,2023-05-01,2024-10-03,3.6666666666666665,0.16666666666666666,249.48,4,3,3,Loyal Customers
CUST-0746,135,10,3232.06,2024-01-09,2024-08-12,3.2,0.1,323.21,3,5,5,Loyal Customers
CUST-0747,192,7,2286.85,2023-03-17,2024-06-16,3.7142857142857144,0.0,326.69,2,4,4,At Risk
CUST-0748,54,10,6320.54,2023-04-27,2024-11-01,3.8,0.0,632.05,5,5,5,Champions
CUST-0749,29,17,8176.18,2023-05-11,2024-11-26,2.9411764705882355,0.058823529411764705,480.95,5,5,5,Champions
CUST-0750,240,4,821.6700000000001,2023-09-29,2024-04-29,3.5,0.0,205.42,2,2,2,Dormant
CUST-0751,99,9,2729.99,2023-03-04,2024-09-17,3.3333333333333335,0.0,303.33,4,4,4,Champions
CUST-0752,113,15,6518.23,2023-07-05,2024-09-03,3.4285714285714284,0.0,434.55,4,5,5,Champions
CUST-0753,190,8,1444.33,2023-09-13,2024-06-18,4.25,0.125,180.54,2,4,3,At Risk
CUST-0754,95,13,3555.13,2023-07-11,2024-09-21,3.4615384615384617,0.0,273.47,4,5,5,Champions
CUST-0755,163,16,3903.26,2023-04-05,2024-07-15,3.0625,0.0,243.95,3,5,5,Loyal Customers
CUST-0756,178,7,3151.8199999999997,2023-08-12,2024-06-30,4.0,0.0,450.26,2,4,4,At Risk
CUST-0757,79,9,3977.93,2023-10-12,2024-10-07,3.4444444444444446,0.1111111111111111,441.99,5,4,5,Champions
CUST-0758,134,11,3854.1,2023-04-06,2024-08-13,3.0,0.0,350.37,3,5,5,Loyal Customers
CUST-0759,154,8,3843.6499999999996,2023-03-06,2024-07-24,3.375,0.0,480.46,3,4,5,Loyal Customers
CUST-0760,30,9,2071.1800000000003,2023-05-28,2024-11-25,4.0,0.1111111111111111,230.13,5,4,4,Champions
CUST-0761,186,8,3015.2200000000003,2023-03-17,2024-06-22,3.125,0.0,376.9,2,4,4,At Risk
CUST-0762,147,9,4273.8099999999995,2023-05-16,2024-07-31,3.3333333333333335,0.0,474.87,3,4,5,Loyal Customers
CUST-0763,244,7,5685.04,2023-09-27,2024-04-25,3.7142857142857144,0.0,812.15,1,4,5,At Risk
CUST-0764,122,11,2828.11,2023-02-11,2024-08-25,2.888888888888889,0.0,257.1,4,5,4,Champions
CUST-0765,193,6,2305.04,2023-10-08,2024-06-15,4.5,0.3333333333333333,384.17,2,3,4,At Risk
CUST-0766,65,15,6929.32,2023-05-01,2024-10-21,2.933333333333333,0.0,461.95,5,5,5,Champions
CUST-0767,88,10,2903.5099999999998,2023-12-17,2024-09-28,3.5,0.0,290.35,4,5,4,Champions
CUST-0768,56,7,1633.72,2023-05-30,2024-10-30,3.7142857142857144,0.2857142857142857,233.39,5,4,3,Champions
CUST-0769,80,9,4183.66,2023-05-25,2024-10-06,3.0,0.1111111111111111,464.85,5,4,5,Champions
CUST-0770,141,8,4797.2699999999995,2023-06-28,2024-08-06,3.0,0.125,599.66,3,4,5,Loyal Customers
CUST-0771,45,11,2609.08,2023-04-21,2024-11-10,3.4545454545454546,0.09090909090909091,237.19,5,5,4,Champions
CUST-0772,87,9,3890.49,2023-09-20,2024-09-29,3.3333333333333335,0.0,432.28,4,4,5,Champions
CUST-0773,86,8,2571.39,2023-10-06,2024-09-30,3.75,0.0,321.42,4,4,4,Champions
CUST-0774,144,11,2585.86,2023-07-17,2024-08-03,3.727272727272727,0.0,235.08,3,5,4,Loyal Customers
CUST-0775,182,11,3061.54,2023-08-06,2024-06-26,3.3636363636363638,0.0,278.32,2,5,4,At Risk
CUST-0776,92,9,2951.44,2023-05-19,2024-09-24,4.111111111111111,0.0,327.94,4,4,4,Champions
CUST-0777,84,18,3843.64,2023-04-23,2024-10-02,3.5,0.05555555555555555,213.54,4,5,5,Champions
CUST-0778,77,10,3680.86,2023-07-03,2024-10-09,4.3,0.0,368.09,5,5,5,Champions
CUST-0779,181,11,3189.23,2023-04-09,2024-06-27,3.8181818181818183,0.0,289.93,2,5,4,At Risk
CUST-0780,120,15,6565.04,2023-02-15,2024-08-27,3.2857142857142856,0.0,437.67,4,5,5,Champions
CUST-0781,111,15,4419.63,2023-05-13,2024-09-05,3.642857142857143,0.13333333333333333,294.64,4,5,5,Champions
CUST-0782,72,13,4583.76,2023-06-14,2024-10-14,3.5384615384615383,0.07692307692307693,352.6,5,5,5,Champions
CUST-0783,61,12,2154.57,2023-02-14,2024-10-25,3.727272727272727,0.0,179.55,5,5,4,Champions
CUST-0784,16,8,2732.41,2023-10-28,2024-12-09,4.375,0.0,341.55,5,4,4,Champions
CUST-0785,214,9,2960.38,2023-05-14,2024-05-25,3.3333333333333335,0.0,328.93,2,4,4,At Risk
CUST-0786,103,7,2697.7,2023-10-24,2024-09-13,3.2857142857142856,0.14285714285714285,385.39,4,4,4,Champions
CUST-0787,120,11,3604.59,2023-07-19,2024-08-27,3.4,0.09090909090909091,327.69,4,5,5,Champions
CUST-0788,144,15,3494.46,2023-09-06,2024-08-03,3.3333333333333335,0.06666666666666667,232.96,3,5,5,Loyal Customers
CUST-0789,41,11,2878.46,2023-07-22,2024-11-14,3.4545454545454546,0.0,261.68,5,5,4,Champions
CUST-0790,138,7,2090.43,2023-12-25,2024-08-09,3.5714285714285716,0.2857142857142857,298.63,3,4,4,Loyal Customers
CUST-0791,89,13,5439.28,2023-03-29,2024-09-27,3.3076923076923075,0.07692307692307693,418.41,4,5,5,Champions
CUST-0792,110,12,3666.29,2023-05-22,2024-09-06,4.083333333333333,0.0,305.52,4,5,5,Champions
CUST-0793,91,10,3511.2599999999998,2023-07-09,2024-09-25,3.2,0.0,351.13,4,5,5,Champions
CUST-0794,238,9,3898.51,2023-09-04,2024-05-01,3.7142857142857144,0.1111111111111111,433.17,2,4,5,At Risk
CUST-0795,91,7,4388.879999999999,2023-06-27,2024-09-25,3.6666666666666665,0.0,626.98,4,4,5,Champions
CUST-0796,140,9,2726.06,2023-05-03,2024-08-07,2.7777777777777777,0.0,302.9,3,4,4,Loyal Customers
CUST-0797,98,12,4487.14,2023-11-11,2024-09-18,3.1818181818181817,0.08333333333333333,373.93,4,5,5,Champions
CUST-0798,163,9,3081.12,2023-03-18,2024-07-15,3.6666666666666665,0.1111111111111111,342.35,3,4,4,Loyal Customers
CUST-0799,184,10,3602.81,2023-06-05,2024-06-24,3.4,0.0,360.28,2,5,5,At Risk
CUST-0800,219,6,2857.73,2023-03-28,2024-05-20,3.6666666666666665,0.16666666666666666,476.29,2,3,4,At Risk
CUST-0801,181,5,2256.88,2023-09-09,2024-06-27,3.2,0.0,451.38,2,3,4,At Risk
CUST-0802,197,10,5683.43,2023-01-08,2024-06-11,3.8,0.0,568.34,2,5,5,At Risk
CUST-0803,68,13,4011.65,2023-01-28,2024-10-18,3.3846153846153846,0.0,308.59,5,5,5,Champions
CUST-0804,72,9,3277.0899999999997,2023-06-15,2024-10-14,3.3333333333333335,0.1111111111111111,364.12,5,4,5,Champions
CUST-0805,82,12,3903.99,2023-03-20,2024-10-04,3.5833333333333335,0.08333333333333333,325.33,4,5,5,Champions
CUST-0806,67,9,2883.77,2023-09-01,2024-10-19,4.0,0.0,320.42,5,4,4,Champions
CUST-0807,152,8,4978.11,2023-03-03,2024-07-26,3.0,0.125,622.26,3,4,5,Loyal Customers
CUST-0808,10,7,1875.4399999999998,2023-10-12,2024-12-15,3.4285714285714284,0.14285714285714285,267.92,5,4,3,Champions
CUST-0809,207,6,1817.03,2023-07-03,2024-06-01,3.1666666666666665,0.0,302.84,2,3,3,At Risk
CUST-0810,31,11,2623.02,2023-01-13,2024-11-24,4.363636363636363,0.0,238.46,5,5,4,Champions
CUST-0811,150,10,1668.94,2023-06-28,2024-07-28,4.1,0.0,166.89,3,5,3,Loyal Customers
CUST-0812,83,12,4735.54,2023-02-18,2024-10-03,3.5833333333333335,0.08333333333333333,394.63,4,5,5,Champions
CUST-0813,186,11,2038.77,2023-03-10,2024-06-22,3.4545454545454546,0.0,185.34,2,5,4,At Risk
CUST-0814,140,11,5349.6,2023-05-14,2024-08-07,4.363636363636363,0.09090909090909091,486.33,3,5,5,Loyal Customers
CUST-0815,130,13,3532.02,2023-06-05,2024-08-17,3.4615384615384617,0.0,271.69,3,5,5,Loyal Customers
CUST-0816,175,8,4834.68,2023-06-11,2024-07-03,3.0,0.125,604.34,3,4,5,Loyal Customers
CUST-0817,154,10,2970.43,2023-06-16,2024-07-24,3.1,0.0,297.04,3,5,4,Loyal Customers
CUST-0818,82,14,2516.8,2023-04-01,2024-10-04,3.769230769230769,0.0,179.77,4,5,4,Champions
CUST-0819,72,9,3492.16,2023-07-12,2024-10-14,3.2222222222222223,0.0,388.02,5,4,5,Champions
CUST-0820,61,13,4827.14,2023-02-04,2024-10-25,3.4615384615384617,0.0,371.32,5,5,5,Champions
CUST-0821,189,14,4348.18,2023-04-09,2024-06-19,3.2142857142857144,0.0,310.58,2,5,5,At Risk
CUST-0822,173,11,4037.53,2023-06-11,2024-07-05,3.4545454545454546,0.0,367.05,3,5,5,Loyal Customers
CUST-0823,100,6,1139.17,2023-08-01,2024-09-16,3.3333333333333335,0.0,189.86,4,3,2,Loyal Customers
CUST-0824,173,4,815.52,2023-12-21,2024-07-05,3.0,0.0,203.88,3,2,2,Potential Loyalists
CUST-0825,106,7,3554.84,2023-09-15,2024-09-10,3.5714285714285716,0.0,507.83,4,4,5,Champions
CUST-0826,18,11,3204.17,2023-05-06,2024-12-07,3.6363636363636362,0.0,291.29,5,5,5,Champions
CUST-0827,162,13,5283.57,2023-02-25,2024-07-16,3.8461538461538463,0.07692307692307693,406.43,3,5,5,Loyal Customers
CUST-0828,28,15,5240.59,2023-04-27,2024-11-27,4.266666666666667,0.06666666666666667,349.37,5,5,5,Champions
CUST-0829,164,5,2225.66,2023-09-08,2024-07-14,3.4,0.2,445.13,3,3,4,Loyal Customers
CUST-0830,150,9,2874.34,2023-06-22,2024-07-28,3.5555555555555554,0.0,319.37,3,4,4,Loyal Customers
CUST-0831,223,8,1167.39,2023-10-10,2024-05-16,3.5,0.125,145.92,2,4,2,At Risk
CUST-0832,200,15,4005.98,2023-09-27,2024-06-08,3.2,0.13333333333333333,267.07,2,5,5,At Risk
CUST-0833,34,11,3279.16,2023-05-30,2024-11-21,3.4545454545454546,0.09090909090909091,298.11,5,5,5,Champions
CUST-0834,41,12,7344.0,2023-10-17,2024-11-14,3.4166666666666665,0.0,612.0,5,5,5,Champions
CUST-0835,48,18,5775.72,2023-07-29,2024-11-07,3.4444444444444446,0.1111111111111111,320.87,5,5,5,Champions
CUST-0836,90,12,3306.3,2023-05-09,2024-09-26,4.0,0.0,275.53,4,5,5,Champions
CUST-0837,125,6,2253.65,2023-05-16,2024-08-22,4.166666666666667,0.0,375.61,4,3,4,Loyal Customers
CUST-0838,81,7,1147.14,2023-09-09,2024-10-05,5.285714285714286,0.14285714285714285,163.88,5,4,2,Champions
CUST-0839,146,9,4338.86,2023-04-19,2024-08-01,3.2222222222222223,0.1111111111111111,482.1,3,4,5,Loyal Customers
CUST-0840,204,10,3137.71,2023-06-30,2024-06-04,3.8,0.1,313.77,2,5,4,At Risk
CUST-0841,150,11,1827.44,2023-06-22,2024-07-28,2.727272727272727,0.0,166.13,3,5,3,Loyal Customers
CUST-0842,184,13,5080.91,2023-05-04,2024-06-24,2.9166666666666665,0.0,390.84,2,5,5,At Risk
CUST-0843,199,14,8189.86,2023-07-16,2024-06-09,4.071428571428571,0.0,584.99,2,5,5,At Risk
CUST-0844,211,6,938.17,2023-09-05,2024-05-28,4.666666666666667,0.0,156.36,2,3,2,At Risk
CUST-0845,115,14,6137.48,2023-05-13,2024-09-01,3.6923076923076925,0.0,438.39,4,5,5,Champions
CUST-0846,36,3,1024.98,2023-08-06,2024-11-19,4.333333333333333,0.0,341.66,5,2,2,Potential Loyalists
CUST-0847,112,11,3408.0099999999998,2023-07-25,2024-09-04,3.8181818181818183,0.0,309.82,4,5,5,Champions
CUST-0848,121,8,2776.14,2023-04-20,2024-08-26,3.75,0.0,347.02,4,4,4,Champions
CUST-0849,110,18,5929.38,2023-06-14,2024-09-06,3.7222222222222223,0.05555555555555555,329.41,4,5,5,Champions
CUST-0850,102,16,6331.93,2023-03-13,2024-09-14,3.375,0.0625,395.75,4,5,5,Champions
CUST-0851,95,9,2081.9,2023-04-24,2024-09-21,3.3333333333333335,0.0,231.32,4,4,4,Champions
CUST-0852,189,10,6736.379999999999,2023-06-17,2024-06-19,4.375,0.0,673.64,2,5,5,At Risk
CUST-0853,195,5,902.27,2023-04-29,2024-06-13,4.0,0.0,180.45,2,3,2,At Risk
CUST-0854,93,12,5159.34,2023-02-09,2024-09-23,3.5454545454545454,0.0,429.94,4,5,5,Champions
CUST-0855,122,12,3723.16,2023-05-23,2024-08-25,3.5,0.0,310.26,4,5,5,Champions
CUST-0856,260,7,2174.84,2023-07-11,2024-04-09,3.0,0.0,310.69,1,4,4,At Risk
CUST-0857,110,4,753.87,2023-08-14,2024-09-06,2.5,0.25,188.47,4,2,2,Potential Loyalists
CUST-0858,103,6,1643.0700000000002,2023-04-19,2024-09-13,2.8333333333333335,0.0,273.85,4,3,3,Loyal Customers
CUST-0859,140,10,4108.099999999999,2023-06-11,2024-08-07,3.6,0.0,410.81,3,5,5,Loyal Customers
CUST-0860,82,12,3745.89,2023-02-25,2024-10-04,3.3333333333333335,0.16666666666666666,312.16,4,5,5,Champions
CUST-0861,75,8,1239.8700000000001,2023-03-02,2024-10-11,3.375,0.125,154.98,5,4,3,Champions
CUST-0862,117,8,4495.54,2023-08-10,2024-08-30,3.25,0.0,561.94,4,4,5,Champions
CUST-0863,211,7,1080.08,2023-08-29,2024-05-28,2.6666666666666665,0.0,154.3,2,4,2,At Risk
CUST-0864,59,13,4758.32,2023-04-25,2024-10-27,3.3846153846153846,0.0,366.02,5,5,5,Champions
CUST-0865,58,9,1697.55,2023-10-15,2024-10-28,3.2222222222222223,0.0,188.62,5,4,3,Champions
CUST-0866,47,14,3225.73,2023-03-07,2024-11-08,3.2142857142857144,0.07142857142857142,230.41,5,5,5,Champions
CUST-0867,110,8,3153.8199999999997,2023-06-18,2024-09-06,3.625,0.0,394.23,4,4,4,Champions
CUST-0868,134,8,2749.62,2023-10-03,2024-08-13,3.875,0.0,343.7,3,4,4,Loyal Customers
CUST-0869,112,13,5848.51,2023-11-29,2024-09-04,3.4615384615384617,0.0,449.89,4,5,5,Champions
CUST-0870,159,13,5399.98,2023-04-18,2024-07-19,2.3076923076923075,0.07692307692307693,415.38,3,5,5,Loyal Customers
CUST-0871,84,13,4215.44,2023-10-04,2024-10-02,2.8461538461538463,0.0,324.26,4,5,5,Champions
CUST-0872,71,10,2011.71,2023-04-08,2024-10-15,3.3,0.0,201.17,5,5,4,Champions
CUST-0873,132,8,1865.8,2023-06-20,2024-08-15,3.375,0.0,233.22,3,4,3,Loyal Customers
CUST-0874,178,11,4421.47,2023-03-26,2024-06-30,4.3,0.0,401.95,2,5,5,At Risk
CUST-0875,92,5,1483.8999999999999,2024-01-06,2024-09-24,3.6,0.0,296.78,4,3,3,Loyal Customers
CUST-0876,72,7,1324.73,2023-10-16,2024-10-14,3.0,0.14285714285714285,189.25,5,4,3,Champions
CUST-0877,3,12,3024.29,2023-09-11,2024-12-22,3.0833333333333335,0.08333333333333333,252.02,5,5,4,Champions
CUST-0878,105,6,1302.1599999999999,2023-08-09,2024-09-11,4.0,0.0,217.03,4,4,3,Champions
CUST-0879,174,8,2267.79,2023-05-08,2024-07-04,3.625,0.0,283.47,3,4,4,Loyal Customers
CUST-0880,232,7,3745.64,2023-06-26,2024-05-07,4.285714285714286,0.0,535.09,2,4,5,At Risk
CUST-0881,1,11,3573.67,2023-05-21,2024-12-24,4.545454545454546,0.0,324.88,5,5,5,Champions
CUST-0882,42,11,3519.37,2023-08-18,2024-11-13,4.363636363636363,0.0,319.94,5,5,5,Champions
CUST-0883,188,10,1951.72,2023-05-24,2024-06-20,3.3,0.0,195.17,2,5,3,At Risk
CUST-0884,124,9,3264.31,2023-01-22,2024-08-23,4.333333333333333,0.0,362.7,4,4,5,Champions
CUST-0885,83,5,1480.42,2023-10-10,2024-10-03,3.4,0.0,296.08,4,3,3,Loyal Customers
CUST-0886,131,17,6143.389999999999,2023-05-29,2024-08-16,3.6470588235294117,0.0,361.38,3,5,5,Loyal Customers
CUST-0887,159,8,3052.7,2023-03-02,2024-07-19,4.0,0.125,381.59,3,4,4,Loyal Customers
CUST-0888,213,7,1545.33,2023-09-11,2024-05-26,3.857142857142857,0.0,220.76,2,4,3,At Risk
CUST-0889,98,9,3559.0499999999997,2023-02-03,2024-09-18,3.3333333333333335,0.0,395.45,4,4,5,Champions
CUST-0890,108,14,6186.78,2023-04-27,2024-09-08,3.142857142857143,0.0,441.91,4,5,5,Champions
CUST-0891,56,7,2805.5,2023-04-14,2024-10-30,4.857142857142857,0.0,400.79,5,4,4,Champions
CUST-0892,100,8,1450.44,2023-02-28,2024-09-16,2.5714285714285716,0.0,181.3,4,4,3,Champions
CUST-0893,272,5,1348.52,2023-07-18,2024-03-28,3.8,0.0,269.7,1,3,3,At Risk
CUST-0894,145,9,2636.4900000000002,2023-04-30,2024-08-02,3.2222222222222223,0.1111111111111111,292.94,3,4,4,Loyal Customers
CUST-0895,140,7,1211.44,2023-05-02,2024-08-07,3.3333333333333335,0.0,173.06,3,4,3,Loyal Customers
CUST-0896,78,14,4274.56,2023-04-15,2024-10-08,3.857142857142857,0.0,305.33,5,5,5,Champions
CUST-0897,181,11,3453.02,2023-01-06,2024-06-27,2.6363636363636362,0.0,313.91,2,5,5,At Risk
CUST-0898,122,13,5857.179999999999,2023-04-02,2024-08-25,3.4615384615384617,0.07692307692307693,450.55,4,5,5,Champions
CUST-0899,156,7,2250.4,2023-08-05,2024-07-22,4.0,0.0,321.49,3,4,4,Loyal Customers
CUST-0900,104,9,2248.84,2023-03-05,2024-09-12,2.888888888888889,0.0,249.87,4,4,4,Champions
CUST-0901,144,7,2638.71,2023-04-22,2024-08-03,3.857142857142857,0.14285714285714285,376.96,3,4,4,Loyal Customers
CUST-0902,198,8,3112.5299999999997,2023-03-04,2024-06-10,4.125,0.0,389.07,2,4,4,At Risk
CUST-0903,130,10,2038.32,2023-10-27,2024-08-17,4.777777777777778,0.1,203.83,3,5,4,Loyal Customers
CUST-0904,66,11,3653.91,2023-03-16,2024-10-20,3.1818181818181817,0.0,332.17,5,5,5,Champions
CUST-0905,122,8,2772.65,2023-04-16,2024-08-25,3.25,0.0,346.58,4,4,4,Champions
CUST-0906,82,8,1892.7199999999998,2023-09-18,2024-10-04,3.7142857142857144,0.0,236.59,4,4,3,Champions
CUST-0907,208,4,380.0,2023-04-04,2024-05-31,3.5,0.0,95.0,2,2,1,Dormant
CUST-0908,49,13,4335.07,2023-02-09,2024-11-06,4.0,0.0,333.47,5,5,5,Champions
CUST-0909,240,10,4029.08,2023-02-17,2024-04-29,4.0,0.1,402.91,2,5,5,At Risk
CUST-0910,144,7,2823.45,2023-08-06,2024-08-03,3.3333333333333335,0.0,403.35,3,4,4,Loyal Customers
CUST-0911,27,4,2377.65,2023-10-08,2024-11-28,3.0,0.0,594.41,5,2,4,Potential Loyalists
CUST-0912,77,9,2116.43,2023-04-30,2024-10-09,3.2222222222222223,0.1111111111111111,235.16,5,4,4,Champions
CUST-0913,82,9,3037.4799999999996,2023-03-06,2024-10-04,2.4444444444444446,0.0,337.5,4,4,4,Champions
CUST-0914,153,10,2523.7400000000002,2023-04-02,2024-07-25,4.222222222222222,0.0,252.37,3,5,4,Loyal Customers
CUST-0915,81,13,3732.98,2023-04-27,2024-10-05,3.1538461538461537,0.23076923076923078,287.15,5,5,5,Champions
CUST-0916,69,10,3788.0299999999997,2023-06-24,2024-10-17,3.4,0.0,378.8,5,5,5,Champions
CUST-0917,80,5,1876.06,2023-12-05,2024-10-06,4.6,0.0,375.21,5,3,3,Loyal Customers
CUST-0918,28,11,2671.84,2023-11-26,2024-11-27,2.8181818181818183,0.0,242.89,5,5,4,Champions
CUST-0919,170,10,4364.69,2023-04-15,2024-07-08,3.3,0.0,436.47,3,5,5,Loyal Customers
CUST-0920,53,10,3151.98,2023-06-10,2024-11-02,3.2,0.0,315.2,5,5,4,Champions
CUST-0921,155,11,1785.55,2023-08-20,2024-07-23,3.5,0.0,162.32,3,5,3,Loyal Customers
CUST-0922,135,16,4464.21,2023-02-13,2024-08-12,4.125,0.125,279.01,3,5,5,Loyal Customers
CUST-0923,16,22,6422.389999999999,2023-03-01,2024-12-09,3.0,0.13636363636363635,291.93,5,5,5,Champions
CUST-0924,178,7,1850.9299999999998,2023-04-25,2024-06-30,3.1666666666666665,0.0,264.42,2,4,3,At Risk
CUST-0925,49,10,3185.0299999999997,2023-06-10,2024-11-06,3.4,0.0,318.5,5,5,4,Champions
CUST-0926,227,9,3869.7200000000003,2023-03-03,2024-05-12,4.0,0.1111111111111111,429.97,2,4,5,At Risk
CUST-0927,374,8,4390.93,2023-05-20,2023-12-17,2.75,0.25,548.87,1,4,5,At Risk
CUST-0928,86,16,5992.12,2023-05-03,2024-09-30,3.25,0.0625,374.51,4,5,5,Champions
CUST-0929,164,18,5862.4,2023-07-22,2024-07-14,3.3333333333333335,0.0,325.69,3,5,5,Loyal Customers
CUST-0930,135,11,3943.45,2023-04-17,2024-08-12,3.272727272727273,0.18181818181818182,358.5,3,5,5,Loyal Customers
CUST-0931,90,16,3309.17,2023-04-18,2024-09-26,4.133333333333334,0.0,206.82,4,5,5,Champions
CUST-0932,73,17,6049.49,2023-10-23,2024-10-13,3.176470588235294,0.17647058823529413,355.85,5,5,5,Champions
CUST-0933,167,10,5824.049999999999,2023-05-20,2024-07-11,4.0,0.2,582.4,3,5,5,Loyal Customers
CUST-0934,42,12,3268.63,2023-05-23,2024-11-13,3.9166666666666665,0.0,272.39,5,5,5,Champions
CUST-0935,94,9,3589.11,2023-10-26,2024-09-22,4.222222222222222,0.1111111111111111,398.79,4,4,5,Champions
CUST-0936,88,6,3300.7599999999998,2023-04-16,2024-09-28,4.0,0.0,550.13,4,4,5,Champions
CUST-0937,118,13,2878.68,2023-02-07,2024-08-29,3.8461538461538463,0.15384615384615385,221.44,4,5,4,Champions
CUST-0938,134,10,3315.0,2023-09-06,2024-08-13,3.5,0.1,331.5,3,5,5,Loyal Customers
CUST-0939,155,11,3823.5,2023-04-15,2024-07-23,3.1818181818181817,0.09090909090909091,347.59,3,5,5,Loyal Customers
CUST-0940,62,12,4095.49,2023-05-07,2024-10-24,2.6666666666666665,0.0,341.29,5,5,5,Champions
CUST-0941,126,14,5971.650000000001,2023-10-20,2024-08-21,2.857142857142857,0.07142857142857142,426.55,3,5,5,Loyal Customers
CUST-0942,64,12,2915.2400000000002,2023-10-25,2024-10-22,4.0,0.0,242.94,5,5,4,Champions
CUST-0943,134,8,3236.18,2023-09-01,2024-08-13,4.0,0.125,404.52,3,4,5,Loyal Customers
CUST-0944,47,10,4710.71,2023-07-29,2024-11-08,3.1,0.0,471.07,5,5,5,Champions
CUST-0945,162,12,4215.87,2023-03-14,2024-07-16,3.8333333333333335,0.0,351.32,3,5,5,Loyal Customers
CUST-0946,68,10,4205.96,2023-05-20,2024-10-18,3.2222222222222223,0.1,420.6,5,5,5,Champions
CUST-0947,192,5,2854.74,2023-02-15,2024-06-16,2.4,0.0,570.95,2,3,4,At Risk
CUST-0948,91,8,1131.95,2023-03-19,2024-09-25,3.625,0.0,141.49,4,4,2,Champions
CUST-0949,153,8,4284.43,2023-02-07,2024-07-25,3.5,0.0,535.55,3,4,5,Loyal Customers
CUST-0950,28,15,4254.87,2023-04-16,2024-11-27,3.8666666666666667,0.06666666666666667,283.66,5,5,5,Champions
CUST-0951,141,10,3114.8199999999997,2023-05-31,2024-08-06,4.0,0.0,311.48,3,5,4,Loyal Customers
CUST-0952,67,12,4762.54,2023-04-25,2024-10-19,2.9166666666666665,0.08333333333333333,396.88,5,5,5,Champions
CUST-0953,123,7,2629.67,2023-05-18,2024-08-24,2.7142857142857144,0.0,375.67,4,4,4,Champions
CUST-0954,47,13,4900.33,2023-06-21,2024-11-08,3.4615384615384617,0.07692307692307693,376.95,5,5,5,Champions
CUST-0955,114,12,3053.65,2023-06-20,2024-09-02,3.272727272727273,0.0,254.47,4,5,4,Champions
CUST-0956,154,12,3309.8199999999997,2023-05-21,2024-07-24,3.75,0.0,275.82,3,5,5,Loyal Customers
CUST-0957,26,15,5294.88,2023-05-08,2024-11-29,3.5,0.06666666666666667,352.99,5,5,5,Champions
CUST-0958,92,12,2685.2599999999998,2023-07-03,2024-09-24,3.4545454545454546,0.0,223.77,4,5,4,Champions
CUST-0959,87,8,2792.53,2023-05-17,2024-09-29,2.0,0.125,349.07,4,4,4,Champions
CUST-0960,120,13,4261.42,2023-07-09,2024-08-27,3.5833333333333335,0.0,327.8,4,5,5,Champions
CUST-0961,107,10,2037.54,2023-03-06,2024-09-09,3.0,0.0,203.75,4,5,4,Champions
CUST-0962,107,10,3033.85,2023-04-11,2024-09-09,4.0,0.0,303.38,4,5,4,Champions
CUST-0963,165,10,3185.44,2023-05-07,2024-07-13,3.1,0.2,318.54,3,5,4,Loyal Customers
CUST-0964,56,13,4865.53,2023-12-05,2024-10-30,3.3846153846153846,0.0,374.27,5,5,5,Champions
CUST-0965,49,7,991.41,2023-09-10,2024-11-06,3.857142857142857,0.0,141.63,5,4,2,Champions
CUST-0966,179,9,2535.0,2023-03-31,2024-06-29,3.5555555555555554,0.0,281.67,2,4,4,At Risk
CUST-0967,90,8,2076.54,2023-11-13,2024-09-26,3.125,0.125,259.57,4,4,4,Champions
CUST-0968,116,19,6687.55,2023-03-19,2024-08-31,3.736842105263158,0.05263157894736842,351.98,4,5,5,Champions
CUST-0969,185,7,5375.09,2023-05-03,2024-06-23,4.285714285714286,0.14285714285714285,767.87,2,4,5,At Risk
CUST-0970,150,8,2476.52,2023-02-10,2024-07-28,3.142857142857143,0.0,309.56,3,4,4,Loyal Customers
CUST-0971,94,12,4077.52,2023-06-08,2024-09-22,3.6666666666666665,0.08333333333333333,339.79,4,5,5,Champions
CUST-0972,100,11,3803.69,2023-04-14,2024-09-16,3.4545454545454546,0.0,345.79,4,5,5,Champions
CUST-0973,51,13,4809.56,2023-07-10,2024-11-04,3.6666666666666665,0.0,369.97,5,5,5,Champions
CUST-0974,222,11,3612.82,2023-05-20,2024-05-17,3.090909090909091,0.0,328.44,2,5,5,At Risk
CUST-0975,165,8,2851.8399999999997,2023-02-16,2024-07-13,4.375,0.0,356.48,3,4,4,Loyal Customers
CUST-0976,220,15,3808.47,2023-08-08,2024-05-19,3.3333333333333335,0.0,253.9,2,5,5,At Risk
CUST-0977,162,6,2818.56,2023-09-14,2024-07-16,3.6666666666666665,0.16666666666666666,469.76,3,4,4,Loyal Customers
CUST-0978,13,8,2005.4,2023-09-15,2024-12-12,3.0,0.0,250.68,5,4,4,Champions
CUST-0979,107,11,2873.68,2023-05-23,2024-09-09,3.727272727272727,0.09090909090909091,261.24,4,5,4,Champions
CUST-0980,177,14,4446.32,2023-01-18,2024-07-01,3.357142857142857,0.0,317.59,2,5,5,At Risk
CUST-0981,167,4,698.9,2023-10-04,2024-07-11,3.75,0.0,174.72,3,2,2,Potential Loyalists
CUST-0982,46,10,4263.78,2023-04-14,2024-11-09,3.2,0.0,426.38,5,5,5,Champions
CUST-0983,76,7,2669.78,2023-08-29,2024-10-10,3.142857142857143,0.0,381.4,5,4,4,Champions
CUST-0984,12,9,1923.3400000000001,2023-08-01,2024-12-13,3.3333333333333335,0.2222222222222222,213.7,5,4,3,Champions
CUST-0985,89,6,1845.56,2023-09-25,2024-09-27,2.6666666666666665,0.0,307.59,4,4,3,Champions
CUST-0986,88,9,2277.88,2023-07-22,2024-09-28,3.3333333333333335,0.0,253.1,4,4,4,Champions
CUST-0987,131,10,2519.56,2023-02-25,2024-08-16,3.4444444444444446,0.0,251.96,3,5,4,Loyal Customers
CUST-0988,107,14,3777.1099999999997,2023-07-30,2024-09-09,3.4166666666666665,0.0,269.79,4,5,5,Champions
CUST-0989,96,12,2008.99,2023-06-30,2024-09-20,3.8333333333333335,0.08333333333333333,167.42,4,5,4,Champions
CUST-0990,95,4,1808.1,2023-08-23,2024-09-21,3.0,0.0,452.02,4,2,3,Potential Loyalists
CUST-0991,204,11,3722.38,2023-07-01,2024-06-04,2.4545454545454546,0.09090909090909091,338.4,2,5,5,At Risk
CUST-0992,17,13,4379.78,2023-08-20,2024-12-08,3.5384615384615383,0.07692307692307693,336.91,5,5,5,Champions
CUST-0993,109,15,4102.4,2023-05-07,2024-09-07,3.4,0.13333333333333333,273.49,4,5,5,Champions
CUST-0994,175,16,3103.92,2023-02-28,2024-07-03,3.5,0.0,194.0,3,5,4,Loyal Customers
CUST-0995,189,7,2615.1099999999997,2023-03-07,2024-06-19,3.142857142857143,0.2857142857142857,373.59,2,4,4,At Risk
CUST-0996,44,14,7412.72,2023-06-09,2024-11-11,2.7142857142857144,0.07142857142857142,529.48,5,5,5,Champions
CUST-0997,102,9,4140.15,2023-09-20,2024-09-14,3.2222222222222223,0.0,460.02,4,5,5,Champions
CUST-0998,185,16,3432.69,2023-06-03,2024-06-23,3.125,0.0625,214.54,2,5,5,At Risk
CUST-0999,161,12,4762.59,2023-05-04,2024-07-17,3.909090909090909,0.08333333333333333,396.88,3,5,5,Loyal Customers
CUST-1000,163,9,3906.8999999999996,2023-04-03,2024-07-15,3.4444444444444446,0.0,434.1,3,5,5,Loyal Customers
CUST-1001,201,6,1759.3600000000001,2023-05-26,2024-06-07,2.5,0.0,293.23,2,4,3,At Risk
CUST-1002,93,2,410.34000000000003,2023-09-12,2024-09-23,3.0,0.0,205.17,4,1,1,Potential Loyalists
CUST-1003,105,1,1193.74,2024-09-11,2024-09-11,4.0,0.0,1193.74,4,1,3,Potential Loyalists
CUST-1004,86,5,1613.0,2023-06-03,2024-09-30,3.4,0.0,322.6,4,3,3,Loyal Customers
CUST-1005,306,4,2586.36,2023-05-20,2024-02-23,3.0,0.0,646.59,1,2,4,Dormant
CUST-1006,105,5,1489.25,2023-03-30,2024-09-11,3.0,0.0,297.85,4,3,3,Loyal Customers
CUST-1007,240,4,454.19,2023-11-29,2024-04-29,5.0,0.0,113.55,2,2,1,Dormant
CUST-1008,303,2,920.03,2023-11-29,2024-02-26,2.5,0.0,460.02,1,1,2,Dormant
CUST-1009,289,3,566.24,2023-01-07,2024-03-11,3.5,0.0,188.75,1,2,1,Dormant
CUST-1010,75,4,491.85,2023-10-11,2024-10-11,2.0,0.0,122.96,5,2,1,Potential Loyalists
CUST-1011,140,5,2160.54,2023-12-26,2024-08-07,3.75,0.0,432.11,3,3,4,Loyal Customers
CUST-1012,119,6,2792.5299999999997,2023-08-31,2024-08-28,5.2,0.16666666666666666,465.42,4,4,4,Champions
CUST-1013,245,3,382.76,2023-12-28,2024-04-24,4.0,0.0,127.59,1,2,1,Dormant
CUST-1014,133,7,2205.41,2023-05-30,2024-08-14,4.285714285714286,0.0,315.06,3,4,4,Loyal Customers
CUST-1015,41,3,720.96,2023-11-12,2024-11-14,3.0,0.0,240.32,5,2,2,Potential Loyalists
CUST-1016,159,3,1150.37,2023-07-28,2024-07-19,2.3333333333333335,0.0,383.46,3,2,2,Potential Loyalists
CUST-1017,152,5,4711.42,2023-06-24,2024-07-26,3.2,0.0,942.28,3,3,5,Loyal Customers
CUST-1018,154,4,1291.25,2023-06-25,2024-07-24,3.75,0.0,322.81,3,2,3,Potential Loyalists
CUST-1019,301,3,1011.43,2023-10-15,2024-02-28,2.6666666666666665,0.0,337.14,1,2,2,Dormant
CUST-1020,379,2,574.8,2023-04-16,2023-12-12,2.5,0.0,287.4,1,1,1,Dormant
CUST-1021,355,3,1137.58,2023-04-17,2024-01-05,3.6666666666666665,0.0,379.19,1,2,2,Dormant
CUST-1022,193,2,1315.17,2023-11-24,2024-06-15,4.0,0.0,657.58,2,1,3,Dormant
CUST-1023,18,5,1089.22,2023-08-14,2024-12-07,3.4,0.0,217.84,5,3,2,Loyal Customers
CUST-1024,205,4,1855.85,2023-06-13,2024-06-03,4.25,0.0,463.96,2,2,3,Dormant
CUST-1025,155,6,2028.21,2023-05-09,2024-07-23,3.1666666666666665,0.0,338.04,3,4,4,Loyal Customers
CUST-1026,266,4,1624.81,2023-08-12,2024-04-03,3.25,0.0,406.2,1,2,3,Dormant
CUST-1027,484,2,349.65999999999997,2023-07-06,2023-08-29,3.5,0.0,174.83,1,1,1,Dormant
CUST-1028,248,1,197.08,2024-04-21,2024-04-21,4.0,0.0,197.08,1,1,1,Dormant
CUST-1029,369,3,819.19,2023-10-09,2023-12-22,2.3333333333333335,0.0,273.06,1,2,2,Dormant
CUST-1030,268,3,665.98,2024-02-27,2024-04-01,4.0,0.0,221.99,1,2,2,Dormant
CUST-1031,69,3,660.94,2023-07-31,2024-10-17,4.0,0.0,220.31,5,2,2,Potential Loyalists
CUST-1032,164,7,3363.4300000000003,2023-05-07,2024-07-14,2.5714285714285716,0.0,480.49,3,4,5,Loyal Customers
CUST-1033,633,1,205.03,2023-04-02,2023-04-02,3.0,0.0,205.03,1,1,1,Dormant
CUST-1034,287,2,578.3299999999999,2023-06-01,2024-03-13,2.5,0.0,289.16,1,1,1,Dormant
CUST-1035,170,3,378.55999999999995,2023-09-19,2024-07-08,3.6666666666666665,0.0,126.19,3,2,1,Potential Loyalists
CUST-1036,79,4,648.38,2023-06-24,2024-10-07,4.5,0.0,162.1,5,2,2,Potential Loyalists
CUST-1037,207,6,1772.62,2023-03-24,2024-06-01,3.5,0.16666666666666666,295.44,2,4,3,At Risk
CUST-1038,164,1,146.09,2024-07-14,2024-07-14,3.0,0.0,146.09,3,1,1,Potential Loyalists
CUST-1039,186,3,91.77,2023-07-16,2024-06-22,3.0,0.0,30.59,2,2,1,Dormant
CUST-1040,83,4,600.1800000000001,2023-10-04,2024-10-03,3.5,0.0,150.05,4,2,1,Potential Loyalists
CUST-1041,74,5,3574.94,2023-04-10,2024-10-12,3.0,0.0,714.99,5,3,5,Loyal Customers
CUST-1042,192,1,627.84,2024-06-16,2024-06-16,3.0,0.0,627.84,2,1,2,Dormant
CUST-1043,297,3,1178.45,2023-07-17,2024-03-03,3.3333333333333335,0.0,392.82,1,2,2,Dormant
CUST-1044,230,1,833.22,2024-05-09,2024-05-09,6.0,0.0,833.22,2,1,2,Dormant
CUST-1045,313,3,1979.38,2023-09-05,2024-02-16,3.6666666666666665,0.0,659.79,1,2,4,Dormant
CUST-1046,64,5,4603.7,2023-04-20,2024-10-22,2.75,0.0,920.74,5,3,5,Loyal Customers
CUST-1047,87,6,1412.37,2023-10-06,2024-09-29,3.3333333333333335,0.0,235.4,4,4,3,Champions
CUST-1048,288,2,1224.3899999999999,2023-06-14,2024-03-12,3.0,0.0,612.19,1,1,3,Dormant
CUST-1049,226,6,827.53,2023-08-18,2024-05-13,4.833333333333333,0.0,137.92,2,4,2,At Risk
CUST-1050,243,4,743.9,2023-11-11,2024-04-26,3.75,0.0,185.98,1,2,2,Dormant
CUST-1051,43,3,777.75,2024-02-18,2024-11-12,4.0,0.0,259.25,5,2,2,Potential Loyalists
CUST-1052,280,3,323.38,2024-02-01,2024-03-20,5.0,0.0,107.79,1,2,1,Dormant
CUST-1053,119,2,961.9499999999999,2023-11-01,2024-08-28,4.0,0.0,480.98,4,1,2,Potential Loyalists
CUST-1054,122,2,651.5,2024-06-05,2024-08-25,3.0,0.0,325.75,4,1,2,Potential Loyalists
CUST-1055,238,1,533.0,2024-05-01,2024-05-01,5.0,0.0,533.0,2,1,1,Dormant
CUST-1056,340,5,1476.93,2023-05-23,2024-01-20,4.25,0.0,295.39,1,3,3,At Risk
CUST-1057,90,2,1073.6499999999999,2024-06-05,2024-09-26,4.5,0.0,536.82,4,1,2,Potential Loyalists
CUST-1059,185,4,2381.56,2023-11-26,2024-06-23,2.5,0.0,595.39,2,2,4,Dormant
CUST-1060,400,1,191.48,2023-11-21,2023-11-21,3.0,0.0,191.48,1,1,1,Dormant
CUST-1061,42,10,3727.5,2023-03-04,2024-11-13,4.8,0.1,372.75,5,5,5,Champions
CUST-1062,226,3,507.58,2023-09-21,2024-05-13,4.0,0.0,169.19,2,2,1,Dormant
CUST-1063,165,2,671.3699999999999,2024-02-29,2024-07-13,4.0,0.0,335.68,3,1,2,Potential Loyalists
CUST-1064,61,4,1489.87,2023-07-12,2024-10-25,3.25,0.0,372.47,5,2,3,Potential Loyalists
CUST-1065,246,5,1813.68,2023-09-22,2024-04-23,3.8,0.0,362.74,1,3,3,At Risk
CUST-1066,259,5,1190.07,2023-09-28,2024-04-10,3.4,0.0,238.01,1,3,3,At Risk
CUST-1067,267,1,475.12,2024-04-02,2024-04-02,1.0,0.0,475.12,1,1,1,Dormant
CUST-1068,178,4,1560.98,2023-11-27,2024-06-30,3.75,0.0,390.24,2,2,3,Dormant
CUST-1069,80,3,985.9,2023-06-09,2024-10-06,2.6666666666666665,0.0,328.63,5,2,2,Potential Loyalists
CUST-1070,225,2,1400.78,2023-11-12,2024-05-14,3.5,0.0,700.39,2,1,3,Dormant
CUST-1071,188,5,931.89,2023-10-02,2024-06-20,2.4,0.0,186.38,2,3,2,At Risk
CUST-1072,246,2,945.1899999999999,2023-02-26,2024-04-23,4.0,0.0,472.6,1,1,2,Dormant
CUST-1073,364,1,61.51,2023-12-27,2023-12-27,5.0,1.0,61.51,1,1,1,Dormant
CUST-1074,105,5,1460.56,2023-06-11,2024-09-11,3.8,0.0,292.11,4,3,3,Loyal Customers
CUST-1075,93,5,1029.83,2023-07-25,2024-09-23,4.8,0.0,205.97,4,3,2,Loyal Customers
CUST-1076,347,2,540.5,2023-08-31,2024-01-13,2.5,0.0,270.25,1,1,1,Dormant
CUST-1077,108,5,1713.33,2023-07-31,2024-09-08,3.8,0.0,342.67,4,3,3,Loyal Customers
CUST-1078,73,4,584.61,2023-06-16,2024-10-13,2.25,0.0,146.15,5,2,1,Potential Loyalists
CUST-1079,67,3,1546.5800000000002,2023-08-02,2024-10-19,4.0,0.0,515.53,5,2,3,Potential Loyalists
CUST-1080,306,3,960.3199999999999,2023-12-18,2024-02-23,4.333333333333333,0.0,320.11,1,2,2,Dormant
CUST-1082,45,2,316.37,2024-05-20,2024-11-10,2.5,0.0,158.18,5,1,1,Potential Loyalists
CUST-1083,466,1,66.82,2023-09-16,2023-09-16,1.0,0.0,66.82,1,1,1,Dormant
CUST-1084,66,3,940.85,2023-10-09,2024-10-20,3.3333333333333335,0.0,313.62,5,2,2,Potential Loyalists
CUST-1085,135,2,378.93,2023-10-26,2024-08-12,3.0,0.0,189.46,3,1,1,Potential Loyalists
CUST-1086,140,1,136.95,2024-08-07,2024-08-07,4.0,0.0,136.95,3,1,1,Potential Loyalists
CUST-1087,260,1,89.94,2024-04-09,2024-04-09,2.0,0.0,89.94,1,1,1,Dormant
CUST-1088,253,6,1877.05,2023-09-22,2024-04-16,3.8333333333333335,0.0,312.84,1,4,3,At Risk
CUST-1089,292,2,3731.12,2023-06-11,2024-03-08,4.0,0.0,1865.56,1,1,5,Dormant
CUST-1090,177,5,1424.13,2024-01-09,2024-07-01,3.5,0.0,284.83,2,3,3,At Risk
CUST-1091,200,4,1029.1,2023-06-19,2024-06-08,1.75,0.25,257.27,2,2,2,Dormant
CUST-1092,223,6,1958.58,2023-04-13,2024-05-16,4.833333333333333,0.0,326.43,2,4,3,At Risk
CUST-1093,112,1,27.07,2024-09-04,2024-09-04,2.0,0.0,27.07,4,1,1,Potential Loyalists
CUST-1094,103,3,612.5200000000001,2023-06-25,2024-09-13,3.3333333333333335,0.0,204.17,4,2,2,Potential Loyalists
CUST-1095,203,5,533.47,2023-06-22,2024-06-05,2.8,0.2,106.69,2,3,1,At Risk
CUST-1096,135,3,619.3199999999999,2023-07-13,2024-08-12,5.333333333333333,0.0,206.44,3,2,2,Potential Loyalists
CUST-1097,150,3,986.9200000000001,2023-02-26,2024-07-28,2.6666666666666665,0.0,328.97,3,2,2,Potential Loyalists
CUST-1099,187,3,635.7900000000001,2024-01-01,2024-06-21,2.6666666666666665,0.0,211.93,2,2,2,Dormant
CUST-1100,456,1,89.14,2023-09-26,2023-09-26,5.0,0.0,89.14,1,1,1,Dormant
CUST-1101,92,3,860.91,2023-03-10,2024-09-24,3.0,0.0,286.97,4,2,2,Potential Loyalists
CUST-1102,76,4,732.13,2023-03-28,2024-10-10,3.5,0.0,183.03,5,2,2,Potential Loyalists
CUST-1103,62,6,1365.78,2023-12-03,2024-10-24,3.5,0.16666666666666666,227.63,5,4,3,Champions
CUST-1104,238,3,809.5300000000001,2023-07-10,2024-05-01,3.3333333333333335,0.3333333333333333,269.84,2,2,2,Dormant
CUST-1105,291,3,953.34,2023-10-24,2024-03-09,5.0,0.0,317.78,1,2,2,Dormant
CUST-1106,161,6,1852.6000000000001,2023-08-23,2024-07-17,3.5,0.0,308.77,3,4,3,Loyal Customers
CUST-1107,116,3,1166.3899999999999,2023-12-05,2024-08-31,4.0,0.0,388.8,4,2,2,Potential Loyalists
CUST-1108,518,2,960.8,2023-05-03,2023-07-26,4.5,0.5,480.4,1,1,2,Dormant
CUST-1109,176,2,245.88,2024-03-21,2024-07-02,2.5,0.0,122.94,2,1,1,Dormant
CUST-1110,239,3,299.28,2024-01-10,2024-04-30,3.5,0.0,99.76,2,2,1,Dormant
CUST-1111,271,5,554.8,2023-03-10,2024-03-29,4.4,0.0,110.96,1,3,1,At Risk
CUST-1112,85,6,1551.49,2023-12-03,2024-10-01,5.0,0.16666666666666666,258.58,4,4,3,Champions
CUST-1113,116,3,506.1,2023-10-06,2024-08-31,3.6666666666666665,0.3333333333333333,168.7,4,2,1,Potential Loyalists
CUST-1114,297,3,693.21,2023-11-23,2024-03-03,3.6666666666666665,0.0,231.07,1,2,2,Dormant
CUST-1115,259,5,1587.46,2023-11-09,2024-04-10,3.2,0.2,317.49,1,3,3,At Risk
CUST-1116,298,1,447.09,2024-03-02,2024-03-02,2.0,0.0,447.09,1,1,1,Dormant
CUST-1117,272,3,1388.47,2023-08-22,2024-03-28,2.6666666666666665,0.0,462.82,1,2,3,Dormant
CUST-1118,218,3,2165.54,2023-03-29,2024-05-21,3.3333333333333335,0.0,721.85,2,2,4,Dormant
CUST-1119,156,8,2665.7400000000002,2023-09-01,2024-07-22,3.0,0.0,333.22,3,4,4,Loyal Customers
CUST-1120,140,2,786.61,2023-05-27,2024-08-07,5.0,0.0,393.3,3,1,2,Potential Loyalists
CUST-1121,156,2,304.45000000000005,2024-04-13,2024-07-22,4.0,0.0,152.23,3,1,1,Potential Loyalists
CUST-1122,179,2,746.24,2024-01-31,2024-06-29,3.5,0.0,373.12,2,1,2,Dormant
CUST-1123,386,3,1124.27,2023-08-13,2023-12-05,3.3333333333333335,0.0,374.76,1,2,2,Dormant
CUST-1124,163,3,1718.22,2023-09-30,2024-07-15,1.6666666666666667,0.0,572.74,3,2,3,Potential Loyalists
CUST-1125,337,2,1652.06,2023-12-29,2024-01-23,4.0,0.0,826.03,1,1,3,Dormant
CUST-1126,296,1,321.95,2024-03-04,2024-03-04,4.0,0.0,321.95,1,1,1,Dormant
CUST-1127,229,2,68.94,2024-05-10,2024-05-10,5.0,0.0,34.47,2,1,1,Dormant
CUST-1128,139,4,1392.69,2023-11-15,2024-08-08,5.0,0.0,348.17,3,2,3,Potential Loyalists
CUST-1129,155,4,2744.4500000000003,2023-05-28,2024-07-23,4.0,0.25,686.11,3,2,4,Potential Loyalists
CUST-1130,56,2,433.09000000000003,2024-05-13,2024-10-30,3.0,0.0,216.54,5,1,1,Potential Loyalists
CUST-1131,155,2,422.01,2023-09-03,2024-07-23,3.5,0.5,211.0,3,1,1,Potential Loyalists
CUST-1132,277,2,358.90999999999997,2023-05-08,2024-03-23,5.0,0.0,179.46,1,1,1,Dormant
CUST-1133,110,3,747.5500000000001,2023-09-22,2024-09-06,3.6666666666666665,0.0,249.18,4,2,2,Potential Loyalists
CUST-1134,307,3,766.69,2023-10-04,2024-02-22,3.6666666666666665,0.3333333333333333,255.56,1,2,2,Dormant
CUST-1135,289,3,633.88,2023-10-27,2024-03-11,3.0,0.0,211.29,1,2,2,Dormant
CUST-1136,419,1,273.7,2023-11-02,2023-11-02,3.0,0.0,273.7,1,1,1,Dormant
CUST-1137,215,3,1263.44,2023-06-27,2024-05-24,3.6666666666666665,0.0,421.15,2,2,3,Dormant
CUST-1138,372,2,548.5799999999999,2023-09-09,2023-12-19,5.5,0.0,274.29,1,1,1,Dormant
CUST-1139,233,2,705.62,2023-07-31,2024-05-06,3.0,0.0,352.81,2,1,2,Dormant
CUST-1140,379,1,57.92,2023-12-12,2023-12-12,4.0,0.0,57.92,1,1,1,Dormant
CUST-1141,276,4,1049.0900000000001,2023-12-08,2024-03-24,4.0,0.0,262.27,1,2,2,Dormant
CUST-1142,135,4,1338.2,2023-08-03,2024-08-12,4.5,0.0,334.55,3,2,3,Potential Loyalists
CUST-1143,108,1,953.12,2024-09-08,2024-09-08,2.0,0.0,953.12,4,1,2,Potential Loyalists
CUST-1144,130,3,512.89,2023-07-04,2024-08-17,4.0,0.0,170.96,3,2,1,Potential Loyalists
CUST-1146,119,5,1515.3,2024-03-16,2024-08-28,2.8,0.0,303.06,4,3,3,Loyal Customers
CUST-1147,359,3,2541.1899999999996,2023-09-11,2024-01-01,4.0,0.3333333333333333,847.06,1,2,4,Dormant
CUST-1148,221,6,1449.95,2023-05-20,2024-05-18,4.0,0.0,241.66,2,4,3,At Risk
CUST-1149,313,2,286.89,2024-01-31,2024-02-16,4.0,0.0,143.44,1,1,1,Dormant
CUST-1150,184,4,1987.77,2023-08-15,2024-06-24,2.75,0.0,496.94,2,2,4,Dormant
CUST-1151,145,7,2605.8199999999997,2023-09-13,2024-08-02,4.0,0.14285714285714285,372.26,3,4,4,Loyal Customers
CUST-1152,198,5,941.25,2023-08-16,2024-06-10,3.0,0.0,188.25,2,3,2,At Risk
CUST-1153,289,2,758.45,2023-08-02,2024-03-11,3.0,0.5,379.22,1,1,2,Dormant
CUST-1155,213,3,894.81,2024-03-25,2024-05-26,3.6666666666666665,0.0,298.27,2,2,2,Dormant
CUST-1156,157,3,610.57,2023-03-16,2024-07-21,3.3333333333333335,0.0,203.52,3,2,2,Potential Loyalists
CUST-1157,199,2,1253.05,2024-06-09,2024-06-09,3.0,0.0,626.52,2,1,3,Dormant
CUST-1158,269,4,576.31,2023-10-05,2024-03-31,5.25,0.0,144.08,1,2,1,Dormant
CUST-1159,150,3,657.22,2024-01-16,2024-07-28,3.0,0.0,219.07,3,2,2,Potential Loyalists
CUST-1160,181,3,653.05,2023-12-23,2024-06-27,3.6666666666666665,0.0,217.68,2,2,2,Dormant
CUST-1161,349,4,1529.68,2023-08-17,2024-01-11,3.25,0.0,382.42,1,2,3,Dormant
CUST-1162,82,6,1560.35,2023-07-19,2024-10-04,3.1666666666666665,0.16666666666666666,260.06,4,4,3,Champions
CUST-1163,162,4,1911.04,2023-05-31,2024-07-16,4.0,0.0,477.76,3,2,3,Potential Loyalists
CUST-1164,177,5,2016.38,2023-08-16,2024-07-01,3.25,0.2,403.28,2,3,4,At Risk
CUST-1165,103,6,3013.13,2023-11-07,2024-09-13,3.3333333333333335,0.0,502.19,4,4,4,Champions
CUST-1166,373,2,641.06,2023-03-16,2023-12-18,2.5,0.0,320.53,1,1,2,Dormant
CUST-1167,136,3,773.98,2023-11-27,2024-08-11,3.6666666666666665,0.0,257.99,3,2,2,Potential Loyalists
CUST-1168,170,4,672.02,2024-03-01,2024-07-08,3.25,0.25,168.0,3,2,2,Potential Loyalists
CUST-1169,135,6,1786.7199999999998,2023-05-14,2024-08-12,2.1666666666666665,0.0,297.79,3,4,3,Loyal Customers
CUST-1170,140,2,659.04,2023-05-16,2024-08-07,4.5,0.0,329.52,3,1,2,Potential Loyalists
CUST-1171,36,7,1366.82,2023-06-10,2024-11-19,3.4285714285714284,0.14285714285714285,195.26,5,4,3,Champions
CUST-1172,265,3,668.97,2024-03-22,2024-04-04,3.6666666666666665,0.0,222.99,1,2,2,Dormant
CUST-1173,255,2,712.78,2024-02-06,2024-04-14,3.0,0.0,356.39,1,1,2,Dormant
CUST-1174,70,2,2659.1800000000003,2023-06-16,2024-10-16,3.0,0.0,1329.59,5,1,4,Potential Loyalists
CUST-1175,145,2,845.55,2023-05-25,2024-08-02,3.0,0.0,422.78,3,1,2,Potential Loyalists
CUST-1176,106,2,265.71999999999997,2023-11-01,2024-09-10,4.0,0.0,132.86,4,1,1,Potential Loyalists
CUST-1177,130,3,742.1400000000001,2024-04-09,2024-08-17,3.3333333333333335,0.0,247.38,3,2,2,Potential Loyalists
CUST-1178,189,2,439.0,2023-12-25,2024-06-19,2.0,0.0,219.5,2,1,1,Dormant
CUST-1179,243,2,251.04,2023-12-05,2024-04-26,1.5,0.0,125.52,1,1,1,Dormant
CUST-1181,147,1,337.63,2024-07-31,2024-07-31,3.0,0.0,337.63,3,1,1,Potential Loyalists
CUST-1182,147,4,691.15,2023-06-14,2024-07-31,3.5,0.0,172.79,3,2,2,Potential Loyalists
CUST-1183,155,5,1285.87,2023-08-22,2024-07-23,3.6,0.0,257.17,3,3,3,Loyal Customers
CUST-1185,30,7,1322.46,2024-02-25,2024-11-25,3.0,0.0,188.92,5,4,3,Champions
CUST-1186,165,5,1235.7,2023-02-25,2024-07-13,3.4,0.2,247.14,3,3,3,Loyal Customers
CUST-1187,392,1,105.68,2023-11-29,2023-11-29,5.0,0.0,105.68,1,1,1,Dormant
CUST-1188,645,1,944.12,2023-03-21,2023-03-21,5.0,0.0,944.12,1,1,2,Dormant
CUST-1189,210,3,1455.33,2024-02-03,2024-05-29,2.5,0.0,485.11,2,2,3,Dormant
CUST-1190,31,5,1666.04,2023-04-12,2024-11-24,4.2,0.0,333.21,5,3,3,Loyal Customers
CUST-1191,296,1,211.78,2024-03-04,2024-03-04,3.0,0.0,211.78,1,1,1,Dormant
CUST-1192,135,5,1337.33,2023-05-22,2024-08-12,3.4,0.0,267.47,3,3,3,Loyal Customers
CUST-1193,262,5,1063.88,2023-12-13,2024-04-07,3.2,0.2,212.78,1,3,2,At Risk
CUST-1194,82,7,1779.23,2023-11-04,2024-10-04,2.7142857142857144,0.0,254.18,4,4,3,Champions
CUST-1195,140,3,901.12,2024-02-26,2024-08-07,5.666666666666667,0.0,300.37,3,2,2,Potential Loyalists
CUST-1196,97,1,151.76,2024-09-19,2024-09-19,3.0,0.0,151.76,4,1,1,Potential Loyalists
CUST-1197,322,2,796.2099999999999,2023-07-08,2024-02-07,6.0,0.0,398.1,1,1,2,Dormant
CUST-1198,273,1,112.43,2024-03-27,2024-03-27,4.0,0.0,112.43,1,1,1,Dormant
CUST-1199,147,4,698.8199999999999,2023-10-16,2024-07-31,2.75,0.0,174.7,3,2,2,Potential Loyalists
CUST-1200,147,3,2003.7,2023-12-19,2024-07-31,3.6666666666666665,0.0,667.9,3,2,4,Potential Loyalists
CUST-1201,288,3,246.85,2023-12-09,2024-03-12,4.333333333333333,0.0,82.28,1,2,1,Dormant
CUST-1202,91,2,693.95,2023-09-21,2024-09-25,2.0,0.0,346.98,4,1,2,Potential Loyalists
CUST-1203,118,4,2785.73,2023-08-08,2024-08-29,3.0,0.0,696.43,4,2,4,Potential Loyalists
CUST-1204,221,4,1982.9299999999998,2023-11-01,2024-05-18,2.5,0.0,495.73,2,2,4,Dormant
CUST-1205,179,4,964.63,2023-04-03,2024-06-29,3.0,0.0,241.16,2,2,2,Dormant
CUST-1206,92,3,815.8299999999999,2023-05-09,2024-09-24,4.0,0.0,271.94,4,2,2,Potential Loyalists
CUST-1207,220,5,2683.1800000000003,2023-11-08,2024-05-19,2.8,0.0,536.64,2,3,4,At Risk
CUST-1208,279,5,1187.29,2023-03-07,2024-03-21,4.0,0.2,237.46,1,3,3,At Risk
CUST-1209,44,4,1319.52,2024-06-23,2024-11-11,3.25,0.5,329.88,5,2,3,Potential Loyalists
CUST-1210,217,2,689.55,2023-10-15,2024-05-22,2.0,0.0,344.78,2,1,2,Dormant
CUST-1211,126,3,1252.73,2023-09-12,2024-08-21,3.6666666666666665,0.0,417.58,3,2,3,Potential Loyalists
CUST-1212,272,3,1179.18,2023-09-09,2024-03-28,2.3333333333333335,0.0,393.06,1,2,2,Dormant
CUST-1213,240,5,799.8100000000001,2024-01-05,2024-04-29,2.8,0.0,159.96,2,3,2,At Risk
CUST-1214,376,3,995.37,2023-06-12,2023-12-15,2.3333333333333335,0.0,331.79,1,2,2,Dormant
CUST-1215,340,3,1246.24,2023-06-05,2024-01-20,3.3333333333333335,0.0,415.41,1,2,3,Dormant
CUST-1216,192,5,551.63,2023-05-19,2024-06-16,2.8,0.0,110.33,2,3,1,At Risk
CUST-1217,120,5,3098.72,2023-12-15,2024-08-27,3.2,0.0,619.74,4,3,4,Loyal Customers
CUST-1218,83,5,1130.23,2024-01-18,2024-10-03,3.8,0.0,226.05,4,3,2,Loyal Customers
CUST-1219,84,6,2007.1499999999999,2024-01-06,2024-10-02,2.6666666666666665,0.16666666666666666,334.52,4,4,4,Champions
CUST-1220,255,6,953.07,2023-06-19,2024-04-14,2.3333333333333335,0.16666666666666666,158.84,1,4,2,At Risk
CUST-1221,93,2,519.69,2024-04-11,2024-09-23,2.5,0.0,259.85,4,1,1,Potential Loyalists
CUST-1222,74,5,1712.9,2024-03-08,2024-10-12,3.2,0.0,342.58,5,3,3,Loyal Customers
CUST-1223,108,2,833.98,2023-03-14,2024-09-08,2.5,0.0,416.99,4,1,2,Potential Loyalists
CUST-1225,190,4,1190.93,2023-03-28,2024-06-18,5.0,0.0,297.73,2,2,3,Dormant
CUST-1226,105,5,685.94,2023-12-21,2024-09-11,3.6,0.0,137.19,4,3,2,Loyal Customers
CUST-1227,304,3,1253.68,2023-04-23,2024-02-25,3.6666666666666665,0.0,417.89,1,2,3,Dormant
CUST-1228,190,4,1384.09,2023-09-23,2024-06-18,3.75,0.0,346.02,2,2,3,Dormant
CUST-1229,213,4,1400.49,2023-12-11,2024-05-26,3.75,0.0,350.12,2,2,3,Dormant
CUST-1230,258,3,1048.74,2023-12-14,2024-04-11,3.0,0.0,349.58,1,2,2,Dormant
CUST-1231,103,3,1102.6100000000001,2023-10-08,2024-09-13,2.3333333333333335,0.0,367.54,4,2,2,Potential Loyalists
CUST-1232,249,5,4641.88,2024-01-28,2024-04-20,4.0,0.0,928.38,1,3,5,At Risk
CUST-1233,148,2,441.92,2023-12-15,2024-07-30,3.0,0.0,220.96,3,1,1,Potential Loyalists
CUST-1234,191,5,2165.43,2023-05-26,2024-06-17,3.5,0.0,433.09,2,3,4,At Risk
CUST-1235,309,1,380.88,2024-02-20,2024-02-20,1.0,0.0,380.88,1,1,1,Dormant
CUST-1236,108,6,3517.6099999999997,2023-09-03,2024-09-08,4.166666666666667,0.0,586.27,4,4,5,Champions
CUST-1237,207,4,1158.33,2023-02-24,2024-06-01,6.333333333333333,0.0,289.58,2,2,2,Dormant
CUST-1238,429,1,761.44,2023-10-23,2023-10-23,2.0,0.0,761.44,1,1,2,Dormant
CUST-1239,253,6,3344.91,2023-07-06,2024-04-16,3.3333333333333335,0.0,557.48,1,4,5,At Risk
CUST-1240,113,2,309.24,2023-09-25,2024-09-03,3.5,0.0,154.62,4,1,1,Potential Loyalists
CUST-1241,354,3,810.48,2023-07-10,2024-01-06,4.333333333333333,0.0,270.16,1,2,2,Dormant
CUST-1242,83,4,701.81,2023-04-19,2024-10-03,3.5,0.0,175.45,4,2,2,Potential Loyalists
CUST-1243,113,3,679.1800000000001,2024-02-24,2024-09-03,4.0,0.0,226.39,4,2,2,Potential Loyalists
CUST-1244,132,10,4232.03,2023-09-27,2024-08-15,3.5,0.1,423.2,3,5,5,Loyal Customers
CUST-1245,85,3,1155.92,2024-05-07,2024-10-01,5.0,0.0,385.31,4,2,2,Potential Loyalists
CUST-1246,92,3,918.6800000000001,2023-10-13,2024-09-24,4.333333333333333,0.0,306.23,4,2,2,Potential Loyalists
CUST-1247,147,4,622.64,2023-08-27,2024-07-31,3.6666666666666665,0.0,155.66,3,2,2,Potential Loyalists
CUST-1248,145,3,1422.6,2023-09-17,2024-08-02,3.0,0.0,474.2,3,2,3,Potential Loyalists
CUST-1249,57,3,434.26,2024-01-14,2024-10-29,2.0,0.6666666666666666,144.75,5,2,1,Potential Loyalists
CUST-1250,84,6,1803.46,2023-10-10,2024-10-02,3.6666666666666665,0.0,300.58,4,4,3,Champions
CUST-1252,226,1,110.84,2024-05-13,2024-05-13,3.0,0.0,110.84,2,1,1,Dormant
CUST-1253,397,2,216.51999999999998,2023-10-30,2023-11-24,5.0,0.0,108.26,1,1,1,Dormant
CUST-1254,191,4,1351.94,2023-11-02,2024-06-17,3.75,0.0,337.98,2,2,3,Dormant
CUST-1255,210,2,635.8,2023-05-14,2024-05-29,3.5,0.0,317.9,2,1,2,Dormant
CUST-1256,275,4,2550.19,2023-03-19,2024-03-25,3.25,0.0,637.55,1,2,4,Dormant
CUST-1257,52,3,433.7,2023-06-27,2024-11-03,3.6666666666666665,0.0,144.57,5,2,1,Potential Loyalists
CUST-1258,197,5,1333.19,2023-11-08,2024-06-11,4.4,0.0,266.64,2,3,3,At Risk
CUST-1259,382,1,76.47,2023-12-09,2023-12-09,4.0,0.0,76.47,1,1,1,Dormant
CUST-1260,289,2,858.74,2023-11-17,2024-03-11,3.5,0.5,429.37,1,1,2,Dormant
CUST-1261,119,6,2725.56,2023-10-10,2024-08-28,2.8333333333333335,0.0,454.26,4,4,4,Champions
CUST-1262,199,2,497.08,2023-07-01,2024-06-09,5.5,0.0,248.54,2,1,1,Dormant
CUST-1263,116,5,3540.83,2023-07-06,2024-08-31,3.4,0.0,708.17,4,3,5,Loyal Customers
CUST-1264,220,6,2029.32,2023-09-26,2024-05-19,3.1666666666666665,0.16666666666666666,338.22,2,4,4,At Risk
CUST-1265,109,2,463.73,2023-09-25,2024-09-07,3.0,0.0,231.86,4,1,1,Potential Loyalists
CUST-1266,116,4,1642.61,2023-09-07,2024-08-31,3.0,0.0,410.65,4,2,3,Potential Loyalists
CUST-1267,181,3,743.9200000000001,2023-05-27,2024-06-27,3.3333333333333335,0.0,247.97,2,2,2,Dormant
CUST-1268,32,2,504.71000000000004,2023-09-07,2024-11-23,2.0,0.0,252.36,5,1,1,Potential Loyalists
CUST-1269,35,3,650.94,2023-08-03,2024-11-20,3.3333333333333335,0.0,216.98,5,2,2,Potential Loyalists
CUST-1270,35,2,744.76,2023-03-30,2024-11-20,2.5,0.0,372.38,5,1,2,Potential Loyalists
CUST-1271,140,4,1647.8600000000001,2023-04-25,2024-08-07,3.75,0.0,411.96,3,2,3,Potential Loyalists
CUST-1272,201,2,611.07,2023-12-10,2024-06-07,3.5,0.0,305.54,2,1,2,Dormant
CUST-1274,370,3,1899.8,2023-05-30,2023-12-21,3.6666666666666665,0.0,633.27,1,2,3,Dormant
CUST-1275,125,8,3437.44,2023-06-27,2024-08-22,3.75,0.0,429.68,4,4,5,Champions
CUST-1276,105,7,1229.74,2023-08-12,2024-09-11,3.7142857142857144,0.0,175.68,4,4,3,Champions
CUST-1277,220,1,419.56,2024-05-19,2024-05-19,4.0,0.0,419.56,2,1,1,Dormant
CUST-1278,258,5,3011.5,2023-04-15,2024-04-11,2.25,0.0,602.3,1,3,4,At Risk
CUST-1279,75,3,1016.4,2023-02-23,2024-10-11,4.0,0.0,338.8,5,2,2,Potential Loyalists
CUST-1280,149,6,2024.79,2023-04-30,2024-07-29,3.3333333333333335,0.0,337.46,3,4,4,Loyal Customers
CUST-1281,112,2,1489.25,2024-08-15,2024-09-04,4.0,0.0,744.62,4,1,3,Potential Loyalists
CUST-1282,58,3,804.64,2023-10-07,2024-10-28,2.6666666666666665,0.0,268.21,5,2,2,Potential Loyalists
CUST-1283,36,4,861.51,2023-11-19,2024-11-19,2.75,0.0,215.38,5,2,2,Potential Loyalists
CUST-1284,366,1,222.32,2023-12-25,2023-12-25,3.0,0.0,222.32,1,1,1,Dormant
CUST-1285,90,10,2041.69,2023-09-02,2024-09-26,3.0,0.1,204.17,4,5,4,Champions
CUST-1286,59,3,568.53,2024-02-05,2024-10-27,2.0,0.3333333333333333,189.51,5,2,1,Potential Loyalists
CUST-1287,583,1,51.11,2023-05-22,2023-05-22,1.0,0.0,51.11,1,1,1,Dormant
CUST-1288,137,7,3031.89,2023-07-27,2024-08-10,5.142857142857143,0.0,433.13,3,4,4,Loyal Customers
CUST-1289,217,2,649.71,2023-10-21,2024-05-22,5.5,0.0,324.86,2,1,2,Dormant
CUST-1290,131,5,1576.1299999999999,2023-04-24,2024-08-16,3.2,0.0,315.23,3,3,3,Loyal Customers
CUST-1291,346,2,208.0,2023-10-11,2024-01-14,3.0,0.0,104.0,1,1,1,Dormant
CUST-1292,144,3,852.98,2023-11-02,2024-08-03,4.0,0.0,284.33,3,2,2,Potential Loyalists
CUST-1293,127,4,1234.3899999999999,2023-02-28,2024-08-20,3.25,0.25,308.6,3,2,3,Potential Loyalists
CUST-1294,301,2,490.63,2024-01-22,2024-02-28,3.5,0.0,245.32,1,1,1,Dormant
CUST-1295,255,4,771.79,2023-06-01,2024-04-14,3.0,0.0,192.95,1,2,2,Dormant
CUST-1296,181,4,1698.6899999999998,2023-10-03,2024-06-27,3.25,0.25,424.67,2,2,3,Dormant
CUST-1297,15,3,473.92,2024-03-31,2024-12-10,4.333333333333333,0.0,157.97,5,2,1,Potential Loyalists
CUST-1298,556,1,1415.08,2023-06-18,2023-06-18,3.0,0.0,1415.08,1,1,3,Dormant
CUST-1299,324,2,1079.09,2023-12-27,2024-02-05,6.0,0.0,539.54,1,1,2,Dormant
CUST-1300,150,6,3243.8700000000003,2024-01-14,2024-07-28,3.1666666666666665,0.0,540.65,3,4,5,Loyal Customers
CUST-1301,230,2,335.4,2023-10-13,2024-05-09,3.0,0.0,167.7,2,1,1,Dormant
CUST-1302,190,3,606.26,2024-01-03,2024-06-18,3.6666666666666665,0.0,202.09,2,2,2,Dormant
CUST-1303,95,6,3953.55,2023-07-09,2024-09-21,3.5,0.0,658.92,4,4,5,Champions
CUST-1304,308,7,1818.3,2023-05-30,2024-02-21,3.6666666666666665,0.0,259.76,1,4,3,At Risk
CUST-1305,164,4,1145.43,2023-05-25,2024-07-14,3.5,0.0,286.36,3,2,2,Potential Loyalists
CUST-1306,117,5,1255.32,2023-11-03,2024-08-30,2.8,0.0,251.06,4,3,3,Loyal Customers
CUST-1307,327,1,101.53,2024-02-02,2024-02-02,3.0,0.0,101.53,1,1,1,Dormant
CUST-1308,170,1,25.49,2024-07-08,2024-07-08,3.0,0.0,25.49,3,1,1,Potential Loyalists
CUST-1309,405,1,434.21,2023-11-16,2023-11-16,2.0,1.0,434.21,1,1,1,Dormant
CUST-1310,205,3,2053.84,2024-03-24,2024-06-03,4.0,0.0,684.61,2,2,4,Dormant
CUST-1311,227,2,721.12,2023-10-28,2024-05-12,3.5,0.0,360.56,2,1,2,Dormant
CUST-1312,140,2,694.04,2024-03-24,2024-08-07,3.5,0.0,347.02,3,1,2,Potential Loyalists
CUST-1313,125,4,432.5,2023-04-05,2024-08-22,4.25,0.0,108.12,4,2,1,Potential Loyalists
CUST-1314,220,5,758.04,2023-08-07,2024-05-19,3.0,0.0,151.61,2,3,2,At Risk
CUST-1315,97,3,796.63,2024-01-15,2024-09-19,3.3333333333333335,0.0,265.54,4,2,2,Potential Loyalists
CUST-1316,193,4,1048.35,2023-02-17,2024-06-15,3.75,0.0,262.09,2,2,2,Dormant
CUST-1317,48,4,1399.48,2023-10-16,2024-11-07,2.5,0.0,349.87,5,2,3,Potential Loyalists
CUST-1318,162,3,1275.5,2023-09-14,2024-07-16,2.6666666666666665,0.0,425.17,3,2,3,Potential Loyalists
CUST-1319,260,1,28.19,2024-04-09,2024-04-09,4.0,0.0,28.19,1,1,1,Dormant
CUST-1320,108,2,334.25,2024-07-07,2024-09-08,3.5,0.0,167.12,4,1,1,Potential Loyalists
CUST-1321,423,2,1130.33,2023-08-01,2023-10-29,4.5,0.0,565.16,1,1,2,Dormant
CUST-1322,34,3,455.94,2024-03-05,2024-11-21,3.0,0.0,151.98,5,2,1,Potential Loyalists
CUST-1323,40,5,497.56999999999994,2023-11-27,2024-11-15,2.6,0.0,99.51,5,3,1,Loyal Customers
CUST-1324,234,3,338.9,2023-12-15,2024-05-05,3.6666666666666665,0.0,112.97,2,2,1,Dormant
CUST-1325,62,3,1116.36,2023-09-07,2024-10-24,3.0,0.0,372.12,5,2,2,Potential Loyalists
CUST-1326,576,1,41.08,2023-05-29,2023-05-29,4.0,0.0,41.08,1,1,1,Dormant
CUST-1327,144,5,1581.58,2023-08-27,2024-08-03,3.4,0.0,316.32,3,3,3,Loyal Customers
CUST-1328,148,6,2469.83,2023-11-16,2024-07-30,2.5,0.0,411.64,3,4,4,Loyal Customers
CUST-1329,175,4,595.7299999999999,2023-02-18,2024-07-03,3.75,0.0,148.93,3,2,1,Potential Loyalists
CUST-1330,432,1,51.43,2023-10-20,2023-10-20,3.0,0.0,51.43,1,1,1,Dormant
CUST-1331,230,4,667.4300000000001,2023-08-15,2024-05-09,2.25,0.0,166.86,2,2,2,Dormant
CUST-1332,374,3,347.87,2023-04-05,2023-12-17,5.0,0.0,115.96,1,2,1,Dormant
CUST-1333,131,7,1966.74,2023-07-10,2024-08-16,2.7142857142857144,0.0,280.96,3,4,4,Loyal Customers
CUST-1334,83,3,1111.6100000000001,2023-04-01,2024-10-03,3.3333333333333335,0.0,370.54,4,2,2,Potential Loyalists
CUST-1335,321,1,136.6,2024-02-08,2024-02-08,3.0,0.0,136.6,1,1,1,Dormant
CUST-1336,92,1,389.62,2024-09-24,2024-09-24,5.0,0.0,389.62,4,1,1,Potential Loyalists
CUST-1337,353,2,561.71,2023-07-22,2024-01-07,4.0,0.0,280.86,1,1,1,Dormant
CUST-1338,110,3,1037.05,2023-10-27,2024-09-06,4.333333333333333,0.0,345.68,4,2,2,Potential Loyalists
CUST-1339,238,2,364.5,2024-02-23,2024-05-01,4.0,0.5,182.25,2,1,1,Dormant
CUST-1340,219,3,1858.4299999999998,2023-08-20,2024-05-20,3.0,0.0,619.48,2,2,3,Dormant
CUST-1341,69,2,787.21,2023-09-12,2024-10-17,4.5,0.0,393.6,5,1,2,Potential Loyalists
CUST-1342,236,8,2826.27,2023-05-10,2024-05-03,3.0,0.0,353.28,2,4,4,At Risk
CUST-1343,369,3,356.13,2023-05-19,2023-12-22,4.333333333333333,0.0,118.71,1,2,1,Dormant
CUST-1344,45,3,1286.87,2023-06-30,2024-11-10,2.6666666666666665,0.0,428.96,5,2,3,Potential Loyalists
CUST-1345,271,3,3717.33,2024-02-11,2024-03-29,3.6666666666666665,0.0,1239.11,1,2,5,Dormant
CUST-1346,270,2,390.45000000000005,2023-10-17,2024-03-30,4.0,0.0,195.23,1,1,1,Dormant
CUST-1347,5,4,2059.4,2024-01-27,2024-12-20,2.75,0.0,514.85,5,2,4,Potential Loyalists
CUST-1348,140,3,756.5799999999999,2023-07-11,2024-08-07,2.3333333333333335,0.0,252.19,3,2,2,Potential Loyalists
CUST-1349,170,2,290.25,2023-11-17,2024-07-08,4.0,0.0,145.12,3,1,1,Potential Loyalists
CUST-1350,248,1,479.24,2024-04-21,2024-04-21,4.0,0.0,479.24,1,1,1,Dormant
CUST-1351,81,5,3210.59,2023-11-27,2024-10-05,3.25,0.0,642.12,5,3,5,Loyal Customers
CUST-1353,176,3,1030.8500000000001,2023-02-25,2024-07-02,2.6666666666666665,0.3333333333333333,343.62,2,2,2,Dormant
CUST-1354,156,2,939.47,2024-05-27,2024-07-22,2.5,0.0,469.74,3,1,2,Potential Loyalists
CUST-1355,236,3,313.61,2023-05-29,2024-05-03,4.0,0.0,104.54,2,2,1,Dormant
CUST-1356,324,3,496.1,2023-02-13,2024-02-05,4.666666666666667,0.0,165.37,1,2,1,Dormant
CUST-1357,350,2,156.63,2023-04-06,2024-01-10,4.0,0.0,78.32,1,1,1,Dormant
CUST-1358,144,4,1052.76,2023-09-03,2024-08-03,3.0,0.0,263.19,3,2,2,Potential Loyalists
CUST-1359,140,4,2777.4900000000002,2023-10-28,2024-08-07,2.5,0.0,694.37,3,2,4,Potential Loyalists
CUST-1360,183,4,1102.0900000000001,2023-06-13,2024-06-25,3.75,0.0,275.52,2,2,2,Dormant
CUST-1361,230,3,730.59,2023-08-17,2024-05-09,4.666666666666667,0.3333333333333333,243.53,2,2,2,Dormant
CUST-1362,19,5,1696.04,2024-02-16,2024-12-06,2.8,0.2,339.21,5,3,3,Loyal Customers
CUST-1363,169,4,1424.17,2023-07-30,2024-07-09,3.5,0.0,356.04,3,2,3,Potential Loyalists
CUST-1364,260,8,2551.7,2023-09-10,2024-04-09,3.625,0.0,318.96,1,4,4,At Risk
CUST-1365,166,3,852.55,2024-02-20,2024-07-12,3.6666666666666665,0.0,284.18,3,2,2,Potential Loyalists
CUST-1366,50,7,5173.5599999999995,2023-07-01,2024-11-05,2.7142857142857144,0.0,739.08,5,4,5,Champions
CUST-1367,187,3,1214.48,2023-04-24,2024-06-21,3.3333333333333335,0.0,404.83,2,2,3,Dormant
CUST-1368,220,4,2072.93,2023-10-26,2024-05-19,5.0,0.0,518.23,2,2,4,Dormant
CUST-1369,173,2,596.01,2024-01-10,2024-07-05,3.0,0.0,298.0,3,1,1,Potential Loyalists
CUST-1370,134,5,2283.26,2023-11-06,2024-08-13,4.0,0.0,456.65,3,3,4,Loyal Customers
CUST-1371,31,8,3154.76,2023-08-17,2024-11-24,3.125,0.25,394.34,5,4,4,Champions
CUST-1372,83,4,1466.33,2024-01-07,2024-10-03,2.75,0.0,366.58,4,2,3,Potential Loyalists
CUST-1373,127,8,1693.08,2023-11-25,2024-08-20,2.875,0.0,211.64,3,4,3,Loyal Customers
CUST-1374,211,2,375.41999999999996,2024-01-04,2024-05-28,5.0,0.0,187.71,2,1,1,Dormant
CUST-1375,240,3,1415.43,2023-12-11,2024-04-29,5.0,0.0,471.81,2,2,3,Dormant
CUST-1376,157,2,425.78,2024-06-15,2024-07-21,3.0,0.0,212.89,3,1,1,Potential Loyalists
CUST-1377,238,2,817.21,2023-09-24,2024-05-01,3.5,0.0,408.6,2,1,2,Dormant
CUST-1378,227,3,495.25,2023-12-08,2024-05-12,3.0,0.0,165.08,2,2,1,Dormant
CUST-1379,244,4,1584.96,2023-04-17,2024-04-25,3.75,0.0,396.24,1,2,3,Dormant
CUST-1380,137,6,2929.88,2023-09-01,2024-08-10,3.6666666666666665,0.0,488.31,3,4,4,Loyal Customers
CUST-1381,217,3,4151.92,2023-09-23,2024-05-22,2.3333333333333335,0.0,1383.97,2,2,5,Dormant
CUST-1382,268,6,1621.35,2023-07-10,2024-04-01,4.0,0.0,270.22,1,4,3,At Risk
CUST-1383,125,4,810.93,2023-11-12,2024-08-22,4.75,0.0,202.73,4,2,2,Potential Loyalists
CUST-1384,462,3,492.08000000000004,2023-02-10,2023-09-20,5.0,0.0,164.03,1,2,1,Dormant
CUST-1385,28,4,712.35,2023-06-07,2024-11-27,3.5,0.0,178.09,5,2,2,Potential Loyalists
CUST-1386,16,4,1585.1100000000001,2024-01-31,2024-12-09,1.75,0.0,396.28,5,2,3,Potential Loyalists
CUST-1387,58,3,1839.08,2024-04-07,2024-10-28,4.0,0.0,613.03,5,2,3,Potential Loyalists
CUST-1388,42,2,688.3199999999999,2024-04-22,2024-11-13,3.0,1.0,344.16,5,1,2,Potential Loyalists
CUST-1389,83,3,1228.21,2024-03-15,2024-10-03,3.0,0.0,409.4,4,2,3,Potential Loyalists
CUST-1390,114,4,743.47,2023-04-29,2024-09-02,4.25,0.0,185.87,4,2,2,Potential Loyalists
CUST-1391,507,2,866.26,2023-06-20,2023-08-06,2.0,0.0,433.13,1,1,2,Dormant
CUST-1392,327,2,925.28,2024-01-29,2024-02-02,1.5,0.0,462.64,1,1,2,Dormant
CUST-1393,281,5,1080.16,2023-03-22,2024-03-19,2.6,0.0,216.03,1,3,2,At Risk
CUST-1394,383,1,434.21,2023-12-08,2023-12-08,5.0,0.0,434.21,1,1,1,Dormant
CUST-1396,219,5,3557.38,2023-07-30,2024-05-20,2.8,0.0,711.48,2,3,5,At Risk
CUST-1397,57,2,607.83,2023-02-08,2024-10-29,4.0,0.0,303.92,5,1,2,Potential Loyalists
CUST-1398,132,4,588.3900000000001,2023-08-13,2024-08-15,3.25,0.0,147.1,3,2,1,Potential Loyalists
CUST-1399,141,2,940.7,2024-08-05,2024-08-06,3.5,0.0,470.35,3,1,2,Potential Loyalists
CUST-1400,141,2,1370.8999999999999,2024-04-04,2024-08-06,4.0,0.0,685.45,3,1,3,Potential Loyalists
CUST-1401,160,3,435.0,2024-03-31,2024-07-18,4.0,0.3333333333333333,145.0,3,2,1,Potential Loyalists
CUST-1402,214,4,1798.7,2023-07-29,2024-05-25,3.6666666666666665,0.0,449.68,2,2,3,Dormant
CUST-1403,99,2,1876.23,2023-12-09,2024-09-17,3.0,0.0,938.12,4,1,3,Potential Loyalists
CUST-1404,180,4,1032.8,2023-05-07,2024-06-28,3.5,0.0,258.2,2,2,2,Dormant
CUST-1405,357,1,224.23,2024-01-03,2024-01-03,2.0,0.0,224.23,1,1,1,Dormant
CUST-1406,153,4,2469.92,2023-10-28,2024-07-25,2.5,0.0,617.48,3,2,4,Potential Loyalists
CUST-1407,180,4,790.11,2023-05-07,2024-06-28,3.0,0.25,197.53,2,2,2,Dormant
CUST-1408,258,3,600.0,2023-09-22,2024-04-11,4.0,0.0,200.0,1,2,1,Dormant
CUST-1409,256,1,75.69,2024-04-13,2024-04-13,5.0,0.0,75.69,1,1,1,Dormant
CUST-1410,151,4,2547.6,2023-03-15,2024-07-27,3.75,0.0,636.9,3,2,4,Potential Loyalists
CUST-1411,160,5,1274.95,2023-12-03,2024-07-18,4.2,0.0,254.99,3,3,3,Loyal Customers
CUST-1412,90,2,620.3399999999999,2023-09-02,2024-09-26,1.5,0.0,310.17,4,1,2,Potential Loyalists
CUST-1414,292,5,1513.76,2023-08-11,2024-03-08,3.4,0.0,302.75,1,3,3,At Risk
CUST-1415,183,3,363.71999999999997,2024-01-09,2024-06-25,3.6666666666666665,0.0,121.24,2,2,1,Dormant
CUST-1416,352,2,603.77,2023-10-27,2024-01-08,4.0,0.0,301.88,1,1,1,Dormant
CUST-1417,128,5,725.16,2023-12-11,2024-08-19,3.2,0.4,145.03,3,3,2,Loyal Customers
CUST-1418,163,4,2090.12,2023-10-03,2024-07-15,4.5,0.0,522.53,3,2,4,Potential Loyalists
CUST-1419,308,2,843.4200000000001,2023-01-26,2024-02-21,2.5,0.0,421.71,1,1,2,Dormant
CUST-1420,315,2,219.93,2023-08-08,2024-02-14,2.5,0.0,109.96,1,1,1,Dormant
CUST-1421,147,7,1205.6999999999998,2023-06-15,2024-07-31,3.4285714285714284,0.0,172.24,3,4,3,Loyal Customers
CUST-1422,153,3,565.73,2023-11-19,2024-07-25,4.0,0.3333333333333333,188.58,3,2,1,Potential Loyalists
CUST-1423,212,1,187.52,2024-05-27,2024-05-27,3.0,0.0,187.52,2,1,1,Dormant
CUST-1424,245,2,470.84000000000003,2023-07-17,2024-04-24,2.5,0.0,235.42,1,1,1,Dormant
CUST-1425,363,4,1087.09,2023-09-20,2023-12-28,3.5,0.0,271.77,1,2,2,Dormant
CUST-1426,266,1,250.11,2024-04-03,2024-04-03,1.0,0.0,250.11,1,1,1,Dormant
CUST-1427,84,3,703.47,2024-05-02,2024-10-02,3.0,0.0,234.49,4,2,2,Potential Loyalists
CUST-1428,86,3,889.5999999999999,2023-03-31,2024-09-30,3.6666666666666665,0.3333333333333333,296.53,4,2,2,Potential Loyalists
CUST-1429,219,5,1845.51,2023-03-27,2024-05-20,3.6,0.0,369.1,2,3,3,At Risk
CUST-1430,305,4,1461.75,2023-06-03,2024-02-24,3.75,0.0,365.44,1,2,3,Dormant
CUST-1431,21,3,920.33,2024-06-28,2024-12-04,3.3333333333333335,0.0,306.78,5,2,2,Potential Loyalists
CUST-1432,238,3,637.66,2023-06-26,2024-05-01,4.0,0.0,212.55,2,2,2,Dormant
CUST-1433,97,3,801.54,2024-06-04,2024-09-19,2.3333333333333335,0.0,267.18,4,2,2,Potential Loyalists
CUST-1434,40,6,1743.92,2023-09-30,2024-11-15,3.0,0.16666666666666666,290.65,5,4,3,Champions
CUST-1435,79,6,2664.29,2023-08-24,2024-10-07,4.333333333333333,0.0,444.05,5,4,4,Champions
CUST-1436,253,2,1338.81,2024-03-01,2024-04-16,5.0,0.0,669.4,1,1,3,Dormant
CUST-1437,419,2,592.33,2023-10-06,2023-11-02,2.5,0.0,296.17,1,1,1,Dormant
CUST-1438,212,1,333.29,2024-05-27,2024-05-27,4.0,0.0,333.29,2,1,1,Dormant
CUST-1439,212,5,1664.03,2023-05-01,2024-05-27,3.2,0.0,332.81,2,3,3,At Risk
CUST-1440,189,5,2175.69,2023-09-25,2024-06-19,5.2,0.0,435.14,2,3,4,At Risk
CUST-1441,177,3,1395.62,2023-05-12,2024-07-01,3.6666666666666665,0.0,465.21,2,2,3,Dormant
CUST-1442,173,2,580.67,2023-10-15,2024-07-05,2.5,0.0,290.33,3,1,1,Potential Loyalists
CUST-1443,164,2,989.04,2023-06-24,2024-07-14,5.5,0.0,494.52,3,1,2,Potential Loyalists
CUST-1444,304,5,1395.71,2023-05-10,2024-02-25,3.2,0.0,279.14,1,3,3,At Risk
CUST-1445,127,3,2130.33,2024-05-11,2024-08-20,2.3333333333333335,0.0,710.11,3,2,4,Potential Loyalists
CUST-1446,338,3,1082.94,2023-04-16,2024-01-22,4.0,0.0,360.98,1,2,2,Dormant
CUST-1447,247,4,3153.02,2024-01-13,2024-04-22,3.25,0.0,788.26,1,2,4,Dormant
CUST-1448,251,5,1286.45,2023-01-31,2024-04-18,2.8,0.2,257.29,1,3,3,At Risk
CUST-1449,205,3,694.1500000000001,2023-10-24,2024-06-03,3.0,0.0,231.38,2,2,2,Dormant
CUST-1450,83,2,1630.71,2024-04-22,2024-10-03,4.0,0.0,815.36,4,1,3,Potential Loyalists
CUST-1451,133,4,861.3,2023-10-26,2024-08-14,4.75,0.0,215.32,3,2,2,Potential Loyalists
CUST-1452,104,4,1205.15,2023-07-11,2024-09-12,4.0,0.0,301.29,4,2,3,Potential Loyalists
CUST-1453,566,1,68.18,2023-06-08,2023-06-08,2.0,0.0,68.18,1,1,1,Dormant
CUST-1454,475,2,2041.54,2023-08-14,2023-09-07,3.0,0.0,1020.77,1,1,4,Dormant
CUST-1455,201,3,1008.5899999999999,2024-01-07,2024-06-07,3.0,0.0,336.2,2,2,2,Dormant
CUST-1456,142,2,974.67,2024-01-24,2024-08-05,4.0,0.0,487.34,3,1,2,Potential Loyalists
CUST-1457,206,4,1021.04,2023-08-06,2024-06-02,2.3333333333333335,0.0,255.26,2,2,2,Dormant
CUST-1458,33,4,2451.85,2024-04-27,2024-11-22,3.75,0.25,612.96,5,2,4,Potential Loyalists
CUST-1459,459,1,49.19,2023-09-23,2023-09-23,6.0,0.0,49.19,1,1,1,Dormant
CUST-1460,250,4,920.0799999999999,2023-06-27,2024-04-19,2.25,0.0,230.02,1,2,2,Dormant
CUST-1461,167,5,749.27,2023-09-22,2024-07-11,3.2,0.0,149.85,3,3,2,Loyal Customers
CUST-1462,342,2,256.27,2023-10-12,2024-01-18,1.5,0.0,128.14,1,1,1,Dormant
CUST-1463,222,7,4927.24,2023-08-03,2024-05-17,3.7142857142857144,0.0,703.89,2,4,5,At Risk
CUST-1464,97,2,259.2,2024-09-06,2024-09-19,2.5,0.0,129.6,4,1,1,Potential Loyalists
CUST-1465,287,5,1991.04,2023-07-18,2024-03-13,3.4,0.0,398.21,1,3,4,At Risk
CUST-1466,214,4,2154.71,2023-07-23,2024-05-25,2.75,0.0,538.68,2,2,4,Dormant
CUST-1467,197,3,1188.99,2023-12-31,2024-06-11,4.0,0.0,396.33,2,2,3,Dormant
CUST-1468,212,2,1033.7,2024-03-29,2024-05-27,6.0,0.0,516.85,2,1,2,Dormant
CUST-1469,133,2,410.9,2023-12-31,2024-08-14,2.5,0.0,205.45,3,1,1,Potential Loyalists
CUST-1470,326,1,15.85,2024-02-03,2024-02-03,3.0,0.0,15.85,1,1,1,Dormant
CUST-1471,225,3,1130.99,2024-02-26,2024-05-14,2.6666666666666665,0.0,377.0,2,2,2,Dormant
CUST-1472,476,2,1027.04,2023-06-24,2023-09-06,4.0,0.0,513.52,1,1,2,Dormant
CUST-1473,82,5,3099.63,2023-07-15,2024-10-04,3.4,0.0,619.93,4,3,4,Loyal Customers
CUST-1474,47,5,1465.41,2024-02-29,2024-11-08,3.2,0.2,293.08,5,3,3,Loyal Customers
CUST-1475,509,1,76.89,2023-08-04,2023-08-04,4.0,0.0,76.89,1,1,1,Dormant
CUST-1476,163,1,204.04,2024-07-15,2024-07-15,5.0,0.0,204.04,3,1,1,Potential Loyalists
CUST-1477,502,1,234.56,2023-08-11,2023-08-11,2.0,1.0,234.56,1,1,1,Dormant
CUST-1478,252,3,637.89,2023-03-24,2024-04-17,3.3333333333333335,0.0,212.63,1,2,2,Dormant
CUST-1479,8,6,1650.26,2023-06-11,2024-12-17,4.166666666666667,0.16666666666666666,275.04,5,4,3,Champions
CUST-1480,398,3,1443.95,2023-06-18,2023-11-23,5.666666666666667,0.3333333333333333,481.32,1,2,3,Dormant
CUST-1481,210,1,259.47,2024-05-29,2024-05-29,,0.0,259.47,2,1,1,Dormant
CUST-1482,313,4,475.7,2023-04-19,2024-02-16,4.5,0.0,118.92,1,2,1,Dormant
CUST-1483,183,2,303.77,2023-07-12,2024-06-25,3.5,0.0,151.88,2,1,1,Dormant
CUST-1484,448,1,950.24,2023-10-04,2023-10-04,4.0,0.0,950.24,1,1,2,Dormant
CUST-1485,523,1,548.88,2023-07-21,2023-07-21,3.0,0.0,548.88,1,1,1,Dormant
CUST-1486,85,7,3101.5899999999997,2023-10-04,2024-10-01,3.2857142857142856,0.0,443.08,4,4,4,Champions
CUST-1487,115,3,862.47,2024-04-18,2024-09-01,2.6666666666666665,0.3333333333333333,287.49,4,2,2,Potential Loyalists
CUST-1488,85,6,1031.7500000000002,2024-04-04,2024-10-01,3.5,0.3333333333333333,171.96,4,4,2,Champions
CUST-1489,207,4,2381.15,2023-08-29,2024-06-01,4.0,0.0,595.29,2,2,4,Dormant
CUST-1490,175,5,1331.45,2023-11-23,2024-07-03,4.2,0.0,266.29,3,3,3,Loyal Customers
CUST-1491,304,4,898.87,2023-06-28,2024-02-25,3.25,0.25,224.72,1,2,2,Dormant
CUST-1492,100,6,3174.86,2023-07-21,2024-09-16,2.8333333333333335,0.0,529.14,4,4,4,Champions
CUST-1493,208,5,1808.6399999999999,2023-04-02,2024-05-31,2.6,0.0,361.73,2,3,3,At Risk
CUST-1494,262,1,328.62,2024-04-07,2024-04-07,3.0,0.0,328.62,1,1,1,Dormant
CUST-1495,192,3,1188.53,2023-12-09,2024-06-16,2.0,0.0,396.18,2,2,3,Dormant
CUST-1496,534,1,411.12,2023-07-10,2023-07-10,4.0,0.0,411.12,1,1,1,Dormant
CUST-1497,286,2,246.36,2024-03-04,2024-03-14,4.5,0.0,123.18,1,1,1,Dormant
CUST-1498,454,1,600.64,2023-09-28,2023-09-28,3.0,0.0,600.64,1,1,1,Dormant
CUST-1499,365,3,720.63,2023-07-27,2023-12-26,4.666666666666667,0.0,240.21,1,2,2,Dormant
CUST-1500,391,1,203.06,2023-11-30,2023-11-30,3.0,0.0,203.06,1,1,1,Dormant
CUST-1502,550,1,343.29,2023-06-24,2023-06-24,3.0,0.0,343.29,1,1,1,Dormant
CUST-1503,3,3,1485.12,2024-05-12,2024-12-22,3.3333333333333335,0.0,495.04,5,2,3,Potential Loyalists
CUST-1504,110,5,1288.8,2023-06-04,2024-09-06,3.2,0.0,257.76,4,3,3,Loyal Customers
CUST-1505,228,2,164.95999999999998,2023-06-27,2024-05-11,4.0,0.0,82.48,2,1,1,Dormant
CUST-1506,64,4,783.1300000000001,2023-08-30,2024-10-22,3.5,0.25,195.78,5,2,2,Potential Loyalists
CUST-1507,31,8,2821.02,2023-02-02,2024-11-24,3.125,0.0,352.63,5,4,4,Champions
CUST-1508,186,4,1070.23,2023-06-14,2024-06-22,3.0,0.0,267.56,2,2,2,Dormant
CUST-1509,199,2,407.96,2024-01-31,2024-06-09,3.5,0.0,203.98,2,1,1,Dormant
CUST-1510,131,5,1199.3700000000001,2023-06-28,2024-08-16,2.4,0.0,239.87,3,3,3,Loyal Customers
CUST-1511,310,1,47.83,2024-02-19,2024-02-19,6.0,0.0,47.83,1,1,1,Dormant
CUST-1512,164,5,1528.03,2023-06-02,2024-07-14,4.0,0.0,305.61,3,3,3,Loyal Customers
CUST-1513,89,4,1764.68,2024-01-28,2024-09-27,2.5,0.0,441.17,4,3,3,Loyal Customers
CUST-1514,16,5,1261.59,2023-11-23,2024-12-09,4.2,0.2,252.32,5,3,3,Loyal Customers
CUST-1515,194,3,560.4,2024-02-28,2024-06-14,4.0,0.0,186.8,2,2,1,Dormant
CUST-1516,130,4,804.69,2023-06-13,2024-08-17,3.0,0.0,201.17,3,3,2,Loyal Customers
CUST-1517,264,5,700.61,2023-06-03,2024-04-05,4.0,0.2,140.12,1,3,2,At Risk
CUST-1518,226,2,2421.77,2023-02-22,2024-05-13,3.0,0.5,1210.88,2,1,4,Dormant
CUST-1519,136,3,667.63,2024-01-15,2024-08-11,3.6666666666666665,0.3333333333333333,222.54,3,2,2,Potential Loyalists
CUST-1520,33,6,1737.74,2023-10-14,2024-11-22,3.6666666666666665,0.0,289.62,5,4,3,Champions
CUST-1521,504,1,68.53,2023-08-09,2023-08-09,4.0,0.0,68.53,1,1,1,Dormant
CUST-1522,254,3,1002.8,2023-10-11,2024-04-15,2.0,0.0,334.27,1,2,2,Dormant
CUST-1523,76,4,1422.2199999999998,2023-04-23,2024-10-10,3.0,0.0,355.55,5,3,3,Loyal Customers
CUST-1524,79,3,1310.78,2023-11-25,2024-10-07,3.3333333333333335,0.0,436.93,5,2,3,Potential Loyalists
CUST-1525,245,3,1026.88,2023-05-26,2024-04-24,2.0,0.0,342.29,1,2,2,Dormant
CUST-1526,229,2,711.02,2023-03-10,2024-05-10,4.0,0.0,355.51,2,1,2,Dormant
CUST-1527,195,3,1266.4099999999999,2023-11-12,2024-06-13,3.0,0.0,422.14,2,2,3,Dormant
CUST-1528,56,3,818.39,2024-04-10,2024-10-30,3.6666666666666665,0.0,272.8,5,2,2,Potential Loyalists
CUST-1529,98,4,570.45,2023-07-31,2024-09-18,3.75,0.0,142.61,4,3,1,Loyal Customers
CUST-1530,152,4,1175.95,2023-03-19,2024-07-26,3.25,0.0,293.99,3,3,2,Loyal Customers
CUST-1531,125,3,391.64,2023-03-31,2024-08-22,2.6666666666666665,0.0,130.55,4,2,1,Potential Loyalists
CUST-1532,176,4,1469.61,2023-10-13,2024-07-02,4.0,0.25,367.4,2,3,3,At Risk
CUST-1533,86,3,609.44,2023-12-28,2024-09-30,2.6666666666666665,0.6666666666666666,203.15,4,2,2,Potential Loyalists
CUST-1534,230,1,224.37,2024-05-09,2024-05-09,2.0,0.0,224.37,2,1,1,Dormant
CUST-1535,239,1,261.04,2024-04-30,2024-04-30,4.0,0.0,261.04,2,1,1,Dormant
CUST-1536,373,4,452.51,2023-09-04,2023-12-18,3.0,0.25,113.13,1,3,1,At Risk
CUST-1537,49,4,940.75,2023-07-19,2024-11-06,3.5,0.25,235.19,5,3,2,Loyal Customers
CUST-1538,269,6,1461.45,2023-03-21,2024-03-31,3.1666666666666665,0.0,243.58,1,4,3,At Risk
CUST-1539,133,5,1054.3,2023-04-12,2024-08-14,3.0,0.0,210.86,3,3,2,Loyal Customers
CUST-1540,407,1,25.49,2023-11-14,2023-11-14,5.0,0.0,25.49,1,1,1,Dormant
CUST-1541,170,3,511.09,2024-02-06,2024-07-08,3.3333333333333335,0.0,170.36,3,2,1,Potential Loyalists
CUST-1542,28,4,899.29,2024-05-06,2024-11-27,2.5,0.0,224.82,5,3,2,Loyal Customers
CUST-1543,111,7,1754.4,2023-02-11,2024-09-05,3.0,0.0,250.63,4,4,3,Champions
CUST-1544,136,3,683.47,2023-11-09,2024-08-11,2.6666666666666665,0.3333333333333333,227.82,3,2,2,Potential Loyalists
CUST-1545,9,2,209.57999999999998,2023-10-02,2024-12-16,3.5,0.0,104.79,5,1,1,Potential Loyalists
CUST-1546,156,3,1064.74,2023-08-16,2024-07-22,3.6666666666666665,0.0,354.91,3,2,2,Potential Loyalists
CUST-1547,94,7,3111.73,2023-07-26,2024-09-22,3.7142857142857144,0.0,444.53,4,4,4,Champions
CUST-1548,177,4,364.74,2023-05-04,2024-07-01,3.0,0.0,91.18,2,3,1,At Risk
CUST-1549,95,3,2124.17,2024-02-11,2024-09-21,2.6666666666666665,0.0,708.06,4,2,4,Potential Loyalists
CUST-1550,212,4,1482.1799999999998,2024-02-16,2024-05-27,3.25,0.0,370.54,2,3,3,At Risk
CUST-1551,235,3,163.82000000000002,2023-10-16,2024-05-04,3.6666666666666665,0.0,54.61,2,2,1,Dormant
CUST-1552,271,4,707.28,2023-04-12,2024-03-29,4.0,0.0,176.82,1,3,2,At Risk
CUST-1553,52,5,985.34,2023-06-23,2024-11-03,3.4,0.0,197.07,5,3,2,Loyal Customers
CUST-1554,221,4,1217.6399999999999,2024-02-06,2024-05-18,2.5,0.0,304.41,2,3,3,At Risk
CUST-1555,121,4,1020.89,2023-12-29,2024-08-26,2.75,0.0,255.22,4,3,2,Loyal Customers
CUST-1556,120,1,86.3,2024-08-27,2024-08-27,3.0,0.0,86.3,4,1,1,Potential Loyalists
CUST-1557,53,6,1146.6100000000001,2023-04-29,2024-11-02,4.166666666666667,0.0,191.1,5,4,2,Champions
CUST-1558,196,4,686.3,2023-08-16,2024-06-12,4.5,0.0,171.58,2,3,2,At Risk
CUST-1559,123,3,463.2,2024-04-02,2024-08-24,2.3333333333333335,0.0,154.4,4,2,1,Potential Loyalists
CUST-1561,96,2,842.0500000000001,2023-11-18,2024-09-20,3.5,0.0,421.02,4,1,2,Potential Loyalists
CUST-1563,222,5,1190.44,2023-07-04,2024-05-17,3.8,0.0,238.09,2,3,3,At Risk
CUST-1564,285,1,530.41,2024-03-15,2024-03-15,5.0,0.0,530.41,1,1,1,Dormant
CUST-1565,166,5,2051.32,2023-10-26,2024-07-12,3.0,0.0,410.26,3,3,4,Loyal Customers
CUST-1566,215,4,591.54,2024-03-11,2024-05-24,2.25,0.0,147.88,2,3,1,At Risk
CUST-1567,229,5,1671.82,2023-03-15,2024-05-10,3.4,0.0,334.36,2,3,3,At Risk
CUST-1568,327,5,2685.66,2023-03-22,2024-02-02,3.6,0.0,537.13,1,3,4,At Risk
CUST-1569,178,2,506.49,2024-06-09,2024-06-30,3.0,0.0,253.24,2,1,1,Dormant
CUST-1570,194,6,1610.3799999999999,2023-03-07,2024-06-14,3.0,0.0,268.4,2,4,3,At Risk
CUST-1571,231,2,245.11,2023-09-02,2024-05-08,4.5,0.0,122.56,2,1,1,Dormant
CUST-1572,544,1,448.74,2023-06-30,2023-06-30,3.0,0.0,448.74,1,1,1,Dormant
CUST-1573,174,4,599.6,2023-05-16,2024-07-04,4.0,0.0,149.9,3,3,1,Loyal Customers
CUST-1574,96,4,2785.22,2024-02-22,2024-09-20,3.5,0.0,696.3,4,3,4,Loyal Customers
CUST-1575,378,3,335.64,2023-07-04,2023-12-13,3.6666666666666665,0.0,111.88,1,2,1,Dormant
CUST-1576,4,5,1434.86,2023-05-22,2024-12-21,3.8,0.0,286.97,5,3,3,Loyal Customers
CUST-1577,162,5,1649.73,2024-01-11,2024-07-16,3.2,0.0,329.95,3,3,3,Loyal Customers
CUST-1578,289,4,985.55,2023-11-30,2024-03-11,3.25,0.0,246.39,1,3,2,At Risk
CUST-1579,137,3,1048.63,2023-11-03,2024-08-10,3.6666666666666665,0.0,349.54,3,2,2,Potential Loyalists
CUST-1580,133,2,568.42,2024-01-10,2024-08-14,2.5,0.0,284.21,3,1,1,Potential Loyalists
CUST-1581,93,3,1577.5,2023-11-22,2024-09-23,4.666666666666667,0.3333333333333333,525.83,4,2,3,Potential Loyalists
CUST-1582,189,1,712.95,2024-06-19,2024-06-19,1.0,0.0,712.95,2,1,2,Dormant
CUST-1583,340,2,483.58000000000004,2023-10-11,2024-01-20,5.0,0.5,241.79,1,1,1,Dormant
CUST-1584,142,5,1817.16,2023-09-06,2024-08-05,3.6,0.0,363.43,3,3,3,Loyal Customers
CUST-1585,245,2,708.5,2024-03-26,2024-04-24,6.0,0.0,354.25,1,1,2,Dormant
CUST-1586,327,2,584.4300000000001,2023-11-19,2024-02-02,1.5,0.0,292.22,1,1,1,Dormant
CUST-1587,147,1,130.21,2024-07-31,2024-07-31,3.0,0.0,130.21,3,1,1,Potential Loyalists
CUST-1588,67,4,1435.05,2023-09-29,2024-10-19,2.5,0.0,358.76,5,3,3,Loyal Customers
CUST-1589,157,5,2127.7400000000002,2023-09-27,2024-07-21,3.8,0.0,425.55,3,3,4,Loyal Customers
CUST-1590,424,1,104.28,2023-10-28,2023-10-28,3.0,0.0,104.28,1,1,1,Dormant
CUST-1591,300,2,317.57,2023-10-07,2024-02-29,4.5,0.0,158.78,1,1,1,Dormant
CUST-1592,112,2,524.11,2024-05-06,2024-09-04,4.0,0.0,262.06,4,1,1,Potential Loyalists
CUST-1593,148,3,388.84,2023-06-12,2024-07-30,3.6666666666666665,0.0,129.61,3,2,1,Potential Loyalists
CUST-1594,123,3,2754.09,2023-08-30,2024-08-24,2.6666666666666665,0.0,918.03,4,2,4,Potential Loyalists
CUST-1595,202,3,1786.6,2023-12-06,2024-06-06,2.6666666666666665,0.0,595.53,2,2,3,Dormant
CUST-1596,375,2,288.51,2023-06-15,2023-12-16,3.0,0.0,144.26,1,1,1,Dormant
CUST-1597,78,3,580.5600000000001,2024-03-05,2024-10-08,2.6666666666666665,0.0,193.52,5,2,1,Potential Loyalists
CUST-1598,241,1,82.82,2024-04-28,2024-04-28,3.0,0.0,82.82,1,1,1,Dormant
CUST-1599,115,9,1883.22,2023-04-06,2024-09-01,3.4444444444444446,0.1111111111111111,209.25,4,5,3,Champions
CUST-1600,388,2,439.22,2023-11-29,2023-12-03,4.0,0.0,219.61,1,1,1,Dormant
CUST-1601,368,1,643.55,2023-12-23,2023-12-23,3.0,0.0,643.55,1,1,2,Dormant
CUST-1602,324,1,76.89,2024-02-05,2024-02-05,,0.0,76.89,1,1,1,Dormant
CUST-1603,147,5,1794.8200000000002,2023-05-10,2024-07-31,3.25,0.0,358.96,3,3,3,Loyal Customers
CUST-1604,177,4,1335.22,2023-12-24,2024-07-01,3.5,0.0,333.8,2,3,3,At Risk
CUST-1605,259,4,974.21,2023-09-16,2024-04-10,2.25,0.0,243.55,1,3,2,At Risk
CUST-1606,99,2,1118.97,2024-07-19,2024-09-17,3.5,0.0,559.48,4,1,2,Potential Loyalists
CUST-1607,360,2,372.52,2023-08-27,2023-12-31,4.5,0.0,186.26,1,1,1,Dormant
CUST-1608,304,3,930.45,2023-09-24,2024-02-25,2.3333333333333335,0.3333333333333333,310.15,1,2,2,Dormant
CUST-1609,285,4,940.49,2023-12-17,2024-03-15,2.25,0.0,235.12,1,3,2,At Risk
CUST-1610,231,3,959.4200000000001,2024-01-16,2024-05-08,3.0,0.0,319.81,2,2,2,Dormant
CUST-1611,219,5,1302.03,2023-03-11,2024-05-20,2.4,0.0,260.41,2,3,3,At Risk
CUST-1612,173,2,1194.22,2023-05-23,2024-07-05,3.5,0.0,597.11,3,1,3,Potential Loyalists
CUST-1613,252,4,482.6,2023-12-12,2024-04-17,3.0,0.0,120.65,1,3,1,At Risk
CUST-1614,195,4,981.73,2023-09-21,2024-06-13,2.5,0.0,245.43,2,3,2,At Risk
CUST-1615,123,9,2750.99,2023-06-20,2024-08-24,3.888888888888889,0.0,305.67,4,5,4,Champions
CUST-1616,277,3,718.4100000000001,2023-03-06,2024-03-23,4.5,0.0,239.47,1,2,2,Dormant
CUST-1617,337,4,945.31,2023-07-04,2024-01-23,3.0,0.0,236.33,1,3,2,At Risk
CUST-1618,116,3,919.71,2023-12-02,2024-08-31,3.3333333333333335,0.0,306.57,4,2,2,Potential Loyalists
CUST-1619,72,6,2493.4,2023-06-10,2024-10-14,2.8333333333333335,0.0,415.57,5,4,4,Champions
CUST-1620,270,7,2110.11,2023-05-15,2024-03-30,4.285714285714286,0.0,301.44,1,4,4,At Risk
CUST-1621,123,5,2450.52,2023-11-28,2024-08-24,3.0,0.2,490.1,4,3,4,Loyal Customers
CUST-1622,143,3,255.76999999999998,2023-04-16,2024-08-04,4.333333333333333,0.0,85.26,3,2,1,Potential Loyalists
CUST-1623,160,6,1549.61,2023-06-23,2024-07-18,2.8333333333333335,0.0,258.27,3,4,3,Loyal Customers
CUST-1624,424,2,839.3000000000001,2023-09-30,2023-10-28,3.0,0.0,419.65,1,1,2,Dormant
CUST-1625,384,1,161.42,2023-12-07,2023-12-07,5.0,0.0,161.42,1,1,1,Dormant
CUST-1626,91,2,557.36,2024-03-13,2024-09-25,8.0,0.0,278.68,4,1,1,Potential Loyalists
CUST-1627,181,5,2662.34,2023-02-11,2024-06-27,3.6,0.0,532.47,2,3,4,At Risk
CUST-1628,263,2,261.77,2023-08-02,2024-04-06,2.5,0.0,130.88,1,1,1,Dormant
CUST-1629,250,5,1015.09,2023-10-10,2024-04-19,4.25,0.0,203.02,1,3,2,At Risk
CUST-1630,304,6,969.21,2023-03-12,2024-02-25,2.8333333333333335,0.0,161.54,1,4,2,At Risk
CUST-1631,141,4,1162.44,2023-02-20,2024-08-06,3.5,0.0,290.61,3,3,2,Loyal Customers
CUST-1632,54,9,4982.01,2023-03-05,2024-11-01,3.0,0.0,553.56,5,5,5,Champions
CUST-1633,417,2,334.15,2023-08-22,2023-11-04,2.5,0.0,167.08,1,1,1,Dormant
CUST-1634,282,3,728.71,2023-03-26,2024-03-18,3.0,0.0,242.9,1,2,2,Dormant
CUST-1636,124,3,584.1899999999999,2023-07-19,2024-08-23,3.5,0.0,194.73,4,2,1,Potential Loyalists
CUST-1637,59,4,1824.44,2024-04-07,2024-10-27,3.75,0.0,456.11,5,3,3,Loyal Customers
CUST-1638,254,4,2413.54,2023-05-07,2024-04-15,3.25,0.25,603.38,1,3,4,At Risk
CUST-1639,184,2,2155.28,2024-01-21,2024-06-24,4.0,0.0,1077.64,2,1,4,Dormant
CUST-1640,137,3,893.29,2023-11-11,2024-08-10,4.333333333333333,0.0,297.76,3,2,2,Potential Loyalists
CUST-1641,152,5,3806.51,2023-08-16,2024-07-26,3.4,0.0,761.3,3,3,5,Loyal Customers
CUST-1642,273,1,36.52,2024-03-27,2024-03-27,4.0,0.0,36.52,1,1,1,Dormant
CUST-1643,136,4,1803.3400000000001,2023-11-05,2024-08-11,2.75,0.25,450.84,3,3,3,Loyal Customers
CUST-1644,345,3,1005.5699999999999,2023-04-02,2024-01-15,4.0,0.0,335.19,1,2,2,Dormant
CUST-1645,214,4,2026.37,2023-12-01,2024-05-25,3.25,0.0,506.59,2,3,4,At Risk
CUST-1646,112,4,968.99,2023-11-27,2024-09-04,2.25,0.0,242.25,4,3,2,Loyal Customers
CUST-1647,221,3,1042.95,2024-01-27,2024-05-18,2.5,0.0,347.65,2,2,2,Dormant
CUST-1648,109,2,806.76,2024-04-30,2024-09-07,2.5,0.0,403.38,4,1,2,Potential Loyalists
CUST-1649,202,3,598.46,2023-07-29,2024-06-06,4.666666666666667,0.0,199.49,2,2,1,Dormant
CUST-1650,98,3,1726.83,2023-06-25,2024-09-18,3.0,0.0,575.61,4,2,3,Potential Loyalists
CUST-1651,150,5,1254.52,2023-05-05,2024-07-28,3.4,0.0,250.9,3,3,3,Loyal Customers
CUST-1653,124,6,2480.57,2023-07-13,2024-08-23,4.0,0.0,413.43,4,4,4,Champions
CUST-1654,213,7,2225.36,2023-09-29,2024-05-26,4.428571428571429,0.0,317.91,2,4,4,At Risk
CUST-1655,174,6,1068.1599999999999,2023-02-25,2024-07-04,3.6666666666666665,0.16666666666666666,178.03,3,4,2,Loyal Customers
CUST-1656,160,4,1725.84,2023-04-05,2024-07-18,3.5,0.0,431.46,3,3,3,Loyal Customers
CUST-1657,120,2,2552.11,2023-10-20,2024-08-27,3.0,0.0,1276.06,4,1,4,Potential Loyalists
CUST-1658,160,2,630.97,2024-04-08,2024-07-18,2.5,0.0,315.48,3,1,2,Potential Loyalists
CUST-1659,596,1,50.64,2023-05-09,2023-05-09,4.0,0.0,50.64,1,1,1,Dormant
CUST-1660,125,2,2657.2799999999997,2023-12-02,2024-08-22,3.0,0.0,1328.64,4,1,4,Potential Loyalists
CUST-1661,160,4,1058.64,2023-10-13,2024-07-18,4.0,0.25,264.66,3,3,2,Loyal Customers
CUST-1662,174,2,554.48,2023-11-01,2024-07-04,4.5,0.0,277.24,3,1,1,Potential Loyalists
CUST-1663,430,1,684.25,2023-10-22,2023-10-22,3.0,0.0,684.25,1,1,2,Dormant
CUST-1664,112,7,5784.72,2023-04-12,2024-09-04,4.142857142857143,0.14285714285714285,826.39,4,4,5,Champions
CUST-1665,261,4,1352.12,2023-10-26,2024-04-08,2.0,0.0,338.03,1,3,3,At Risk
CUST-1666,178,3,2209.84,2023-08-01,2024-06-30,3.0,0.0,736.61,2,2,4,Dormant
CUST-1667,128,4,1393.67,2024-01-11,2024-08-19,4.75,0.0,348.42,3,3,3,Loyal Customers
CUST-1669,433,1,51.11,2023-10-19,2023-10-19,3.0,0.0,51.11,1,1,1,Dormant
CUST-1670,386,2,373.83000000000004,2023-11-11,2023-12-05,4.0,0.5,186.92,1,1,1,Dormant
CUST-1671,207,4,1195.83,2024-01-16,2024-06-01,3.5,0.25,298.96,2,3,3,At Risk
CUST-1672,104,1,53.19,2024-09-12,2024-09-12,6.0,0.0,53.19,4,1,1,Potential Loyalists
CUST-1673,351,3,688.53,2023-10-03,2024-01-09,2.6666666666666665,0.0,229.51,1,2,2,Dormant
CUST-1674,252,1,416.61,2024-04-17,2024-04-17,5.0,0.0,416.61,1,1,1,Dormant
CUST-1675,219,1,389.56,2024-05-20,2024-05-20,5.0,0.0,389.56,2,1,1,Dormant
CUST-1676,32,4,1033.17,2023-10-20,2024-11-23,4.75,0.0,258.29,5,3,2,Loyal Customers
CUST-1677,274,3,488.56,2023-10-25,2024-03-26,4.666666666666667,0.0,162.85,1,2,1,Dormant
CUST-1678,309,2,236.79,2023-10-16,2024-02-20,3.5,0.0,118.4,1,1,1,Dormant
CUST-1679,169,5,1790.58,2023-06-08,2024-07-09,3.2,0.0,358.12,3,3,3,Loyal Customers
CUST-1680,198,4,3522.0,2024-01-17,2024-06-10,3.75,0.0,880.5,2,3,5,At Risk
CUST-1681,173,6,4019.4900000000002,2023-07-09,2024-07-05,3.6666666666666665,0.0,669.92,3,4,5,Loyal Customers
CUST-1682,90,5,1763.59,2023-12-05,2024-09-26,4.0,0.2,352.72,4,3,3,Loyal Customers
CUST-1683,268,4,648.03,2023-09-16,2024-04-01,4.5,0.0,162.01,1,3,2,At Risk
CUST-1685,214,3,1142.94,2023-08-22,2024-05-25,3.6666666666666665,0.0,380.98,2,2,2,Dormant
CUST-1686,184,3,280.65999999999997,2023-04-04,2024-06-24,3.0,0.0,93.55,2,2,1,Dormant
CUST-1687,158,5,1827.1100000000001,2023-09-21,2024-07-20,3.6,0.2,365.42,3,3,3,Loyal Customers
CUST-1688,49,4,1205.24,2024-01-19,2024-11-06,3.5,0.0,301.31,5,3,3,Loyal Customers
CUST-1689,143,6,1128.41,2023-06-15,2024-08-04,4.0,0.16666666666666666,188.07,3,4,2,Loyal Customers
CUST-1690,158,6,2399.5,2023-06-17,2024-07-20,3.1666666666666665,0.16666666666666666,399.92,3,4,4,Loyal Customers
CUST-1691,170,5,1808.8500000000001,2023-02-01,2024-07-08,3.0,0.2,361.77,3,3,3,Loyal Customers
CUST-1692,86,10,2479.55,2023-08-10,2024-09-30,3.9,0.0,247.96,4,5,4,Champions
CUST-1693,280,3,2839.33,2023-11-22,2024-03-20,2.3333333333333335,0.0,946.44,1,2,4,Dormant
CUST-1694,62,5,1520.69,2023-10-14,2024-10-24,3.0,0.0,304.14,5,3,3,Loyal Customers
CUST-1695,231,1,104.28,2024-05-08,2024-05-08,5.0,0.0,104.28,2,1,1,Dormant
CUST-1696,326,2,844.99,2023-05-21,2024-02-03,3.5,0.0,422.5,1,1,2,Dormant
CUST-1697,110,2,541.28,2023-03-18,2024-09-06,2.0,0.0,270.64,4,1,1,Potential Loyalists
CUST-1698,168,4,834.94,2023-10-13,2024-07-10,3.25,0.0,208.74,3,3,2,Loyal Customers
CUST-1699,48,7,4132.04,2023-10-27,2024-11-07,3.857142857142857,0.0,590.29,5,4,5,Champions
CUST-1700,106,2,602.47,2024-05-17,2024-09-10,2.0,0.0,301.24,4,1,1,Potential Loyalists
CUST-1701,121,1,42.55,2024-08-26,2024-08-26,6.0,0.0,42.55,4,1,1,Potential Loyalists
CUST-1702,35,7,2512.9,2023-02-27,2024-11-20,4.142857142857143,0.0,358.99,5,4,4,Champions
CUST-1703,102,6,1171.9,2023-10-10,2024-09-14,3.3333333333333335,0.0,195.32,4,4,2,Champions
CUST-1704,73,4,1478.3600000000001,2024-02-26,2024-10-13,4.75,0.0,369.59,5,3,3,Loyal Customers
CUST-1705,348,2,410.28,2023-09-26,2024-01-12,3.5,0.0,205.14,1,1,1,Dormant
CUST-1706,227,4,1401.08,2023-03-23,2024-05-12,4.25,0.25,350.27,2,3,3,At Risk
CUST-1707,391,3,1324.35,2023-11-12,2023-11-30,4.333333333333333,0.0,441.45,1,2,3,Dormant
CUST-1708,217,4,1265.83,2023-04-27,2024-05-22,3.25,0.0,316.46,2,3,3,At Risk
CUST-1709,21,5,1657.91,2023-11-18,2024-12-04,3.0,0.2,331.58,5,3,3,Loyal Customers
CUST-1710,91,3,593.31,2024-01-26,2024-09-25,3.3333333333333335,0.0,197.77,4,2,1,Potential Loyalists
CUST-1711,102,7,2916.41,2024-01-07,2024-09-14,3.5,0.0,416.63,4,4,4,Champions
CUST-1712,176,5,1403.01,2023-05-11,2024-07-02,4.4,0.0,280.6,2,3,3,At Risk
CUST-1713,66,1,300.32,2024-10-20,2024-10-20,2.0,0.0,300.32,5,1,1,Potential Loyalists
CUST-1714,145,3,1027.55,2023-07-16,2024-08-02,3.6666666666666665,0.3333333333333333,342.52,3,2,2,Potential Loyalists
CUST-1715,63,4,1506.66,2023-07-05,2024-10-23,3.5,0.0,376.66,5,3,3,Loyal Customers
CUST-1716,144,3,1263.26,2023-11-07,2024-08-03,3.3333333333333335,0.0,421.09,3,2,3,Potential Loyalists
CUST-1717,52,3,1298.27,2023-09-04,2024-11-03,5.333333333333333,0.0,432.76,5,2,3,Potential Loyalists
CUST-1718,325,1,25.49,2024-02-04,2024-02-04,3.0,0.0,25.49,1,1,1,Dormant
CUST-1719,120,3,469.86,2023-07-17,2024-08-27,2.6666666666666665,0.0,156.62,4,2,1,Potential Loyalists
CUST-1720,114,6,1555.05,2023-09-04,2024-09-02,3.5,0.0,259.18,4,4,3,Champions
CUST-1721,179,2,119.8,2024-02-29,2024-06-29,3.0,0.0,59.9,2,1,1,Dormant
CUST-1722,170,2,987.72,2024-07-05,2024-07-08,2.0,0.0,493.86,3,1,2,Potential Loyalists
CUST-1723,146,6,2903.33,2023-12-19,2024-08-01,2.6666666666666665,0.16666666666666666,483.89,3,4,4,Loyal Customers
CUST-1724,145,2,352.1,2024-04-16,2024-08-02,2.5,0.5,176.05,3,1,1,Potential Loyalists
CUST-1725,122,3,249.66,2024-05-23,2024-08-25,4.0,0.0,83.22,4,2,1,Potential Loyalists
CUST-1726,179,4,885.1600000000001,2023-04-30,2024-06-29,4.25,0.0,221.29,2,3,2,At Risk
CUST-1727,196,3,514.63,2023-08-15,2024-06-12,3.6666666666666665,0.0,171.54,2,2,1,Dormant
CUST-1728,229,3,182.03,2023-09-12,2024-05-10,2.6666666666666665,0.3333333333333333,60.68,2,2,1,Dormant
CUST-1729,91,4,880.1899999999999,2023-03-24,2024-09-25,3.5,0.0,220.05,4,3,2,Loyal Customers
CUST-1730,85,5,1509.49,2023-06-28,2024-10-01,3.4,0.0,301.9,4,3,3,Loyal Customers
CUST-1731,331,2,436.09000000000003,2023-08-06,2024-01-29,2.5,0.0,218.04,1,1,1,Dormant
CUST-1732,243,2,2185.08,2024-04-12,2024-04-26,3.0,0.0,1092.54,1,1,4,Dormant
CUST-1733,316,2,1299.51,2023-09-16,2024-02-13,5.0,0.0,649.76,1,1,3,Dormant
CUST-1734,417,2,545.62,2023-06-10,2023-11-04,2.5,0.0,272.81,1,1,1,Dormant
CUST-1735,26,2,721.18,2023-05-18,2024-11-29,5.0,0.0,360.59,5,1,2,Potential Loyalists
CUST-1736,174,3,412.64,2023-09-22,2024-07-04,3.0,0.0,137.55,3,2,1,Potential Loyalists
CUST-1737,218,2,286.93,2023-06-14,2024-05-21,4.0,0.0,143.46,2,1,1,Dormant
CUST-1738,272,2,192.70999999999998,2024-02-27,2024-03-28,3.0,0.0,96.35,1,1,1,Dormant
CUST-1739,151,5,659.61,2023-12-22,2024-07-27,3.6,0.0,131.92,3,3,2,Loyal Customers
CUST-1740,151,1,205.03,2024-07-27,2024-07-27,3.0,0.0,205.03,3,1,1,Potential Loyalists
CUST-1741,159,5,3023.5,2023-03-11,2024-07-19,3.0,0.0,604.7,3,3,4,Loyal Customers
CUST-1742,148,11,2683.2,2023-01-08,2024-07-30,3.727272727272727,0.18181818181818182,243.93,3,5,4,Loyal Customers
CUST-1743,286,3,1414.3600000000001,2023-11-05,2024-03-14,3.3333333333333335,0.0,471.45,1,2,3,Dormant
CUST-1744,60,3,1005.65,2024-03-15,2024-10-26,4.333333333333333,0.0,335.22,5,2,2,Potential Loyalists
CUST-1745,354,3,297.32,2023-09-07,2024-01-06,3.5,0.0,99.11,1,2,1,Dormant
CUST-1746,141,5,1344.48,2023-03-12,2024-08-06,4.0,0.0,268.9,3,3,3,Loyal Customers
CUST-1747,144,2,467.89,2023-03-30,2024-08-03,3.0,0.0,233.94,3,1,1,Potential Loyalists
CUST-1748,151,6,2312.98,2023-08-25,2024-07-27,4.333333333333333,0.0,385.5,3,4,4,Loyal Customers
CUST-1749,97,1,204.85,2024-09-19,2024-09-19,3.0,0.0,204.85,4,1,1,Potential Loyalists
CUST-1750,178,6,1071.3899999999999,2023-08-19,2024-06-30,2.3333333333333335,0.16666666666666666,178.56,2,4,2,At Risk
CUST-1751,180,2,235.36,2024-03-22,2024-06-28,2.0,0.0,117.68,2,1,1,Dormant
CUST-1752,76,5,1348.4700000000003,2023-10-09,2024-10-10,4.4,0.0,269.69,5,3,3,Loyal Customers
CUST-1753,76,5,1081.55,2023-10-08,2024-10-10,3.8,0.0,216.31,5,3,2,Loyal Customers
CUST-1754,180,5,1258.08,2023-11-04,2024-06-28,4.0,0.0,251.62,2,3,3,At Risk
CUST-1755,255,4,2149.19,2024-03-06,2024-04-14,2.25,0.0,537.3,1,3,4,At Risk
CUST-1756,70,3,1571.58,2023-12-18,2024-10-16,3.0,0.0,523.86,5,2,3,Potential Loyalists
CUST-1757,3,4,917.28,2023-09-04,2024-12-22,2.75,0.0,229.32,5,3,2,Loyal Customers
CUST-1758,237,2,291.65000000000003,2023-11-23,2024-05-02,3.0,0.0,145.83,2,1,1,Dormant
CUST-1759,180,3,1053.31,2023-09-18,2024-06-28,3.0,0.0,351.1,2,2,2,Dormant
CUST-1760,261,2,465.39,2023-11-02,2024-04-08,4.5,0.0,232.7,1,1,1,Dormant
CUST-1761,255,6,2681.9500000000003,2023-07-19,2024-04-14,3.6666666666666665,0.0,446.99,1,4,4,At Risk
CUST-1762,366,1,551.92,2023-12-25,2023-12-25,5.0,0.0,551.92,1,1,1,Dormant
CUST-1763,177,4,2316.22,2024-04-10,2024-07-01,2.75,0.25,579.05,2,3,4,At Risk
CUST-1764,59,5,2216.69,2023-07-29,2024-10-27,2.8,0.0,443.34,5,3,4,Loyal Customers
CUST-1765,180,5,2212.38,2023-07-19,2024-06-28,3.25,0.0,442.48,2,3,4,At Risk
CUST-1766,237,6,2145.74,2023-06-16,2024-05-02,4.0,0.16666666666666666,357.62,2,4,4,At Risk
CUST-1767,171,3,2467.6099999999997,2023-06-29,2024-07-07,3.6666666666666665,0.0,822.54,3,2,4,Potential Loyalists
CUST-1768,47,5,822.88,2023-09-28,2024-11-08,3.2,0.0,164.58,5,3,2,Loyal Customers
CUST-1769,324,1,285.84,2024-02-05,2024-02-05,4.0,0.0,285.84,1,1,1,Dormant
CUST-1770,100,2,624.07,2023-07-08,2024-09-16,3.0,0.0,312.04,4,1,2,Potential Loyalists
CUST-1771,261,1,1226.48,2024-04-08,2024-04-08,4.0,0.0,1226.48,1,1,3,Dormant
CUST-1772,268,1,771.06,2024-04-01,2024-04-01,2.0,0.0,771.06,1,1,2,Dormant
CUST-1773,4,4,2485.69,2024-02-25,2024-12-21,2.25,0.0,621.42,5,3,4,Loyal Customers
CUST-1774,88,4,1215.75,2023-11-17,2024-09-28,3.5,0.0,303.94,4,3,3,Loyal Customers
CUST-1775,392,1,905.62,2023-11-29,2023-11-29,3.0,0.0,905.62,1,1,2,Dormant
CUST-1776,94,6,1366.22,2023-09-17,2024-09-22,3.8333333333333335,0.16666666666666666,227.7,4,4,3,Champions
CUST-1777,90,6,2180.88,2023-07-21,2024-09-26,2.8333333333333335,0.0,363.48,4,4,4,Champions
CUST-1778,209,4,573.09,2023-08-13,2024-05-30,3.0,0.0,143.27,2,3,1,At Risk
CUST-1779,192,2,286.70000000000005,2024-01-18,2024-06-16,3.5,0.0,143.35,2,1,1,Dormant
CUST-1780,151,9,3075.27,2023-06-01,2024-07-27,3.7777777777777777,0.0,341.7,3,5,4,Loyal Customers
CUST-1783,177,4,1465.88,2023-04-07,2024-07-01,2.5,0.25,366.47,2,3,3,At Risk
CUST-1785,94,6,2667.5299999999997,2023-08-04,2024-09-22,3.1666666666666665,0.0,444.59,4,4,4,Champions
CUST-1786,187,4,457.24,2023-11-22,2024-06-21,2.5,0.0,114.31,2,3,1,At Risk
CUST-1787,33,6,1437.83,2023-05-08,2024-11-22,4.2,0.0,239.64,5,4,3,Champions
CUST-1788,163,2,665.68,2024-01-15,2024-07-15,5.0,0.0,332.84,3,1,2,Potential Loyalists
CUST-1789,154,2,177.44,2023-10-12,2024-07-24,3.5,0.0,88.72,3,1,1,Potential Loyalists
CUST-1790,159,3,766.38,2023-08-27,2024-07-19,2.3333333333333335,0.0,255.46,3,2,2,Potential Loyalists
CUST-1791,228,4,1201.9,2023-07-17,2024-05-11,3.0,0.0,300.48,2,3,3,At Risk
CUST-1792,163,1,761.76,2024-07-15,2024-07-15,,0.0,761.76,3,1,2,Potential Loyalists
CUST-1793,276,2,1155.82,2023-12-08,2024-03-24,3.0,0.0,577.91,1,1,2,Dormant
CUST-1794,339,2,1343.18,2023-08-25,2024-01-21,5.0,0.0,671.59,1,1,3,Dormant
CUST-1795,318,1,49.19,2024-02-11,2024-02-11,3.0,0.0,49.19,1,1,1,Dormant
CUST-1796,360,4,2733.5200000000004,2023-07-02,2023-12-31,2.75,0.0,683.38,1,3,4,At Risk
CUST-1797,219,4,762.66,2024-02-09,2024-05-20,2.25,0.0,190.66,2,3,2,At Risk
CUST-1798,209,2,1585.25,2024-04-06,2024-05-30,5.0,0.0,792.62,2,1,3,Dormant
CUST-1799,279,3,1427.47,2023-08-14,2024-03-21,4.333333333333333,0.0,475.82,1,2,3,Dormant
CUST-1800,64,3,969.8299999999999,2023-11-10,2024-10-22,3.0,0.0,323.28,5,2,2,Potential Loyalists
CUST-1801,249,2,1953.25,2023-08-03,2024-04-20,4.0,0.0,976.62,1,1,3,Dormant
CUST-1802,163,7,2973.98,2023-06-30,2024-07-15,3.1666666666666665,0.0,424.85,3,4,4,Loyal Customers
CUST-1803,284,4,1870.8,2023-10-08,2024-03-16,3.5,0.0,467.7,1,3,3,At Risk
CUST-1804,305,3,581.4300000000001,2023-04-10,2024-02-24,3.3333333333333335,0.0,193.81,1,2,1,Dormant
CUST-1805,232,3,1122.78,2023-07-26,2024-05-07,3.3333333333333335,0.0,374.26,2,2,2,Dormant
CUST-1806,335,4,2348.13,2023-05-28,2024-01-25,3.75,0.0,587.03,1,3,4,At Risk
CUST-1807,155,4,748.88,2023-05-26,2024-07-23,2.5,0.25,187.22,3,3,2,Loyal Customers
CUST-1808,207,4,1120.0700000000002,2023-03-01,2024-06-01,4.25,0.0,280.02,2,3,2,At Risk
CUST-1809,192,6,2129.85,2023-04-08,2024-06-16,3.3333333333333335,0.16666666666666666,354.98,2,4,4,At Risk
CUST-1810,290,3,604.2,2023-04-20,2024-03-10,3.6666666666666665,0.0,201.4,1,2,1,Dormant
CUST-1811,108,1,101.53,2024-09-08,2024-09-08,5.0,0.0,101.53,4,1,1,Potential Loyalists
CUST-1812,216,9,5416.570000000001,2023-04-18,2024-05-23,3.6666666666666665,0.0,601.84,2,5,5,At Risk
CUST-1813,415,4,845.11,2023-01-28,2023-11-06,4.25,0.0,211.28,1,3,2,At Risk
CUST-1814,231,6,1016.4499999999999,2023-04-07,2024-05-08,3.6666666666666665,0.0,169.41,2,4,2,At Risk
CUST-1815,52,4,1369.42,2023-09-06,2024-11-03,3.5,0.0,342.36,5,3,3,Loyal Customers
CUST-1816,223,1,224.37,2024-05-16,2024-05-16,1.0,0.0,224.37,2,1,1,Dormant
CUST-1817,61,4,1219.93,2023-05-30,2024-10-25,3.0,0.0,304.98,5,3,3,Loyal Customers
CUST-1818,398,3,288.46000000000004,2023-03-20,2023-11-23,4.333333333333333,0.0,96.15,1,2,1,Dormant
CUST-1819,94,4,940.77,2023-05-14,2024-09-22,3.5,0.0,235.19,4,3,2,Loyal Customers
CUST-1820,179,6,1340.78,2023-07-14,2024-06-29,3.5,0.0,223.46,2,4,3,At Risk
CUST-1821,336,1,40.51,2024-01-24,2024-01-24,2.0,0.0,40.51,1,1,1,Dormant
CUST-1822,222,4,2078.99,2024-01-12,2024-05-17,3.0,0.0,519.75,2,3,4,At Risk
CUST-1823,135,2,612.76,2023-11-26,2024-08-12,3.0,0.5,306.38,3,1,2,Potential Loyalists
CUST-1824,82,3,2335.4,2023-06-10,2024-10-04,4.0,0.0,778.47,4,2,4,Potential Loyalists
CUST-1825,134,3,259.11,2023-08-14,2024-08-13,2.6666666666666665,0.0,86.37,3,2,1,Potential Loyalists
CUST-1826,194,3,1089.3899999999999,2023-11-03,2024-06-14,3.0,0.0,363.13,2,2,2,Dormant
CUST-1827,96,3,1587.0,2023-06-12,2024-09-20,3.3333333333333335,0.0,529.0,4,2,3,Potential Loyalists
CUST-1828,269,1,657.7,2024-03-31,2024-03-31,4.0,0.0,657.7,1,1,2,Dormant
CUST-1829,90,2,734.07,2023-09-04,2024-09-26,4.5,0.0,367.04,4,1,2,Potential Loyalists
CUST-1830,52,5,2476.75,2023-04-17,2024-11-03,4.0,0.0,495.35,5,3,4,Loyal Customers
CUST-1831,189,2,263.63,2024-01-30,2024-06-19,4.0,0.0,131.82,2,1,1,Dormant
CUST-1832,200,3,358.96999999999997,2023-06-02,2024-06-08,4.0,0.0,119.66,2,2,1,Dormant
CUST-1833,180,3,658.04,2023-08-31,2024-06-28,4.333333333333333,0.0,219.35,2,2,2,Dormant
CUST-1834,269,1,54.82,2024-03-31,2024-03-31,3.0,0.0,54.82,1,1,1,Dormant
CUST-1835,250,2,1370.52,2024-02-12,2024-04-19,4.5,0.0,685.26,1,1,3,Dormant
CUST-1836,154,6,2203.3399999999997,2023-07-24,2024-07-24,3.3333333333333335,0.0,367.22,3,4,4,Loyal Customers
CUST-1837,59,8,2654.53,2023-06-25,2024-10-27,2.875,0.125,331.82,5,4,4,Champions
CUST-1838,640,1,280.33,2023-03-26,2023-03-26,4.0,0.0,280.33,1,1,1,Dormant
CUST-1839,27,11,3541.52,2023-04-06,2024-11-28,4.3,0.09090909090909091,321.96,5,5,5,Champions
CUST-1840,99,2,585.39,2023-11-16,2024-09-17,4.5,0.5,292.7,4,1,1,Potential Loyalists
CUST-1841,243,1,123.16,2024-04-26,2024-04-26,3.0,0.0,123.16,1,1,1,Dormant
CUST-1842,407,3,770.11,2023-02-23,2023-11-14,3.3333333333333335,0.0,256.7,1,2,2,Dormant
CUST-1843,204,1,182.21,2024-06-04,2024-06-04,4.0,0.0,182.21,2,1,1,Dormant
CUST-1844,30,3,2086.19,2024-04-04,2024-11-25,4.333333333333333,0.0,695.4,5,2,4,Potential Loyalists
CUST-1845,190,2,144.49,2024-02-03,2024-06-18,2.5,0.0,72.24,2,1,1,Dormant
CUST-1846,99,5,364.71999999999997,2023-10-12,2024-09-17,3.0,0.2,72.94,4,3,1,Loyal Customers
CUST-1847,262,2,357.4,2023-12-18,2024-04-07,5.0,0.0,178.7,1,1,1,Dormant
CUST-1848,166,4,1008.87,2023-09-22,2024-07-12,3.25,0.25,252.22,3,3,2,Loyal Customers
CUST-1849,187,4,1197.96,2023-05-26,2024-06-21,4.5,0.0,299.49,2,3,3,At Risk
CUST-1850,219,4,1211.02,2023-03-23,2024-05-20,4.0,0.25,302.76,2,3,3,At Risk
CUST-1851,88,3,450.21,2024-02-13,2024-09-28,3.3333333333333335,0.0,150.07,4,2,1,Potential Loyalists
CUST-1852,246,5,3913.0699999999997,2023-01-31,2024-04-23,3.0,0.0,782.61,1,3,5,At Risk
CUST-1853,216,3,585.56,2023-08-27,2024-05-23,2.3333333333333335,0.0,195.19,2,2,1,Dormant
CUST-1854,268,3,484.75,2023-10-23,2024-04-01,2.6666666666666665,0.3333333333333333,161.58,1,2,1,Dormant
CUST-1855,336,1,142.92,2024-01-24,2024-01-24,3.0,0.0,142.92,1,1,1,Dormant
CUST-1856,110,4,648.5,2023-08-23,2024-09-06,2.5,0.0,162.12,4,3,2,Loyal Customers
CUST-1857,136,5,1075.64,2023-12-29,2024-08-11,3.8,0.0,215.13,3,3,2,Loyal Customers
CUST-1858,253,2,500.46999999999997,2024-03-16,2024-04-16,5.0,0.0,250.24,1,1,1,Dormant
CUST-1859,117,2,1221.15,2024-06-17,2024-08-30,4.0,0.0,610.58,4,1,3,Potential Loyalists
CUST-1860,427,1,187.65,2023-10-25,2023-10-25,4.0,0.0,187.65,1,1,1,Dormant
CUST-1861,274,3,1145.48,2023-07-26,2024-03-26,2.0,0.0,381.83,1,2,2,Dormant
CUST-1862,211,3,771.19,2023-11-18,2024-05-28,3.6666666666666665,0.0,257.06,2,2,2,Dormant
CUST-1863,203,3,544.1,2023-02-24,2024-06-05,4.0,0.0,181.37,2,2,1,Dormant
CUST-1864,111,3,1830.6599999999999,2023-08-23,2024-09-05,4.0,0.3333333333333333,610.22,4,2,3,Potential Loyalists
CUST-1865,118,6,880.4000000000001,2023-06-24,2024-08-29,3.5,0.16666666666666666,146.73,4,4,2,Champions
CUST-1866,93,5,508.15999999999997,2024-01-31,2024-09-23,3.4,0.0,101.63,4,3,1,Loyal Customers
CUST-1867,130,4,742.58,2023-04-16,2024-08-17,2.5,0.0,185.64,3,3,2,Loyal Customers
CUST-1868,300,5,1696.01,2023-03-17,2024-02-29,3.8,0.2,339.2,1,3,3,At Risk
CUST-1869,107,7,1545.71,2023-07-17,2024-09-09,3.7142857142857144,0.0,220.82,4,4,3,Champions
CUST-1870,131,4,1612.32,2024-03-09,2024-08-16,2.75,0.0,403.08,3,3,3,Loyal Customers
CUST-1871,76,2,551.64,2023-11-22,2024-10-10,4.0,0.0,275.82,5,1,1,Potential Loyalists
CUST-1872,111,5,2064.75,2023-02-28,2024-09-05,4.2,0.0,412.95,4,3,4,Loyal Customers
CUST-1873,99,3,1781.82,2023-10-31,2024-09-17,4.333333333333333,0.0,593.94,4,2,3,Potential Loyalists
CUST-1874,182,3,256.76,2023-12-18,2024-06-26,3.6666666666666665,0.0,85.59,2,2,1,Dormant
CUST-1875,212,3,460.26,2023-06-23,2024-05-27,2.3333333333333335,0.0,153.42,2,2,1,Dormant
CUST-1876,245,2,626.19,2023-09-04,2024-04-24,3.0,0.0,313.1,1,1,2,Dormant
CUST-1877,208,4,607.6,2023-08-07,2024-05-31,3.5,0.0,151.9,2,3,2,At Risk
CUST-1878,9,4,2532.74,2023-02-26,2024-12-16,3.25,0.0,633.18,5,3,4,Loyal Customers
CUST-1879,31,5,3461.91,2023-10-12,2024-11-24,3.0,0.0,692.38,5,3,5,Loyal Customers
CUST-1880,147,4,956.95,2024-01-28,2024-07-31,3.5,0.0,239.24,3,3,2,Loyal Customers
CUST-1881,228,2,228.18,2023-06-20,2024-05-11,4.0,0.0,114.09,2,1,1,Dormant
CUST-1882,188,3,623.25,2023-12-01,2024-06-20,4.666666666666667,0.0,207.75,2,2,2,Dormant
CUST-1883,220,3,1269.5900000000001,2023-08-31,2024-05-19,2.0,0.0,423.2,2,2,3,Dormant
CUST-1884,104,6,1696.5,2023-12-30,2024-09-12,2.8333333333333335,0.0,282.75,4,4,3,Champions
CUST-1885,69,5,2440.05,2023-10-27,2024-10-17,3.5,0.0,488.01,5,3,4,Loyal Customers
CUST-1886,135,5,1236.81,2023-12-04,2024-08-12,3.8,0.0,247.36,3,3,3,Loyal Customers
CUST-1887,54,6,1777.38,2023-05-21,2024-11-01,3.0,0.0,296.23,5,4,3,Champions
CUST-1888,66,5,4211.35,2023-05-09,2024-10-20,4.0,0.0,842.27,5,3,5,Loyal Customers
CUST-1889,220,1,347.03,2024-05-19,2024-05-19,2.0,0.0,347.03,2,1,1,Dormant
CUST-1890,181,4,608.15,2023-06-29,2024-06-27,4.0,0.0,152.04,2,3,2,At Risk
CUST-1891,120,4,2056.08,2023-07-26,2024-08-27,3.5,0.0,514.02,4,3,4,Loyal Customers
CUST-1892,407,1,389.56,2023-11-14,2023-11-14,3.0,0.0,389.56,1,1,1,Dormant
CUST-1893,96,3,663.19,2024-03-31,2024-09-20,2.3333333333333335,0.0,221.06,4,2,2,Potential Loyalists
CUST-1894,80,3,648.99,2023-08-05,2024-10-06,2.6666666666666665,0.0,216.33,5,2,2,Potential Loyalists
CUST-1895,142,4,1113.9299999999998,2023-06-11,2024-08-05,4.0,0.0,278.48,3,3,2,Loyal Customers
CUST-1896,194,5,1035.51,2023-01-28,2024-06-14,2.6,0.2,207.1,2,3,2,At Risk
CUST-1897,104,5,2790.73,2024-02-08,2024-09-12,2.75,0.0,558.15,4,3,4,Loyal Customers
CUST-1898,413,1,224.37,2023-11-08,2023-11-08,4.0,0.0,224.37,1,1,1,Dormant
CUST-1899,133,6,1891.53,2023-09-15,2024-08-14,3.6,0.0,315.26,3,4,3,Loyal Customers
CUST-1900,259,4,2006.32,2023-10-15,2024-04-10,3.0,0.0,501.58,1,3,4,At Risk
CUST-1901,202,3,1174.87,2023-10-05,2024-06-06,3.3333333333333335,0.0,391.62,2,2,2,Dormant
CUST-1902,190,4,1095.1100000000001,2023-09-27,2024-06-18,2.75,0.0,273.78,2,3,2,At Risk
CUST-1903,171,7,2283.02,2023-04-15,2024-07-07,4.571428571428571,0.0,326.15,3,4,4,Loyal Customers
CUST-1904,148,5,2253.5299999999997,2023-12-18,2024-07-30,4.0,0.2,450.71,3,3,4,Loyal Customers
CUST-1905,366,4,1709.69,2023-01-25,2023-12-25,3.25,0.25,427.42,1,3,3,At Risk
CUST-1906,228,1,75.88,2024-05-11,2024-05-11,2.0,0.0,75.88,2,1,1,Dormant
CUST-1907,122,2,1512.49,2023-09-27,2024-08-25,2.5,0.0,756.24,4,1,3,Potential Loyalists
CUST-1908,165,2,1992.06,2023-12-07,2024-07-13,4.5,0.0,996.03,3,1,4,Potential Loyalists
CUST-1909,287,2,113.48,2024-02-04,2024-03-13,6.0,0.0,56.74,1,1,1,Dormant
CUST-1910,228,4,3658.09,2023-02-24,2024-05-11,3.5,0.25,914.52,2,3,5,At Risk
CUST-1911,249,4,1848.9099999999999,2023-09-19,2024-04-20,3.5,0.0,462.23,1,3,3,At Risk
CUST-1912,53,4,1224.55,2024-03-21,2024-11-02,2.5,0.0,306.14,5,3,3,Loyal Customers
CUST-1913,413,1,17.61,2023-11-08,2023-11-08,4.0,0.0,17.61,1,1,1,Dormant
CUST-1914,235,3,565.47,2023-10-21,2024-05-04,2.6666666666666665,0.0,188.49,2,2,1,Dormant
CUST-1915,437,2,52.41,2023-04-19,2023-10-15,2.0,0.0,26.2,1,1,1,Dormant
CUST-1916,202,3,1675.67,2023-03-11,2024-06-06,3.3333333333333335,0.0,558.56,2,2,3,Dormant
CUST-1917,194,4,1839.63,2024-02-10,2024-06-14,4.25,0.0,459.91,2,3,3,At Risk
CUST-1918,208,6,2328.8,2023-05-13,2024-05-31,3.5,0.0,388.13,2,4,4,At Risk
CUST-1919,128,4,3446.76,2023-03-20,2024-08-19,4.75,0.0,861.69,3,3,5,Loyal Customers
CUST-1920,160,5,1664.38,2023-09-26,2024-07-18,3.0,0.0,332.88,3,3,3,Loyal Customers
CUST-1921,510,1,362.0,2023-08-03,2023-08-03,1.0,0.0,362.0,1,1,1,Dormant
CUST-1922,137,5,3138.56,2023-04-01,2024-08-10,3.4,0.2,627.71,3,3,4,Loyal Customers
CUST-1923,176,4,1091.75,2023-12-01,2024-07-02,3.25,0.0,272.94,2,3,2,At Risk
CUST-1924,235,2,93.97,2024-01-14,2024-05-04,3.0,0.0,46.98,2,1,1,Dormant
CUST-1925,49,6,1418.1299999999999,2023-09-13,2024-11-06,5.666666666666667,0.0,236.36,5,4,3,Champions
CUST-1926,297,1,114.16,2024-03-03,2024-03-03,3.0,1.0,114.16,1,1,1,Dormant
CUST-1927,112,2,240.15999999999997,2023-12-01,2024-09-04,4.0,0.0,120.08,4,1,1,Potential Loyalists
CUST-1928,16,6,1675.72,2023-09-20,2024-12-09,2.4,0.0,279.29,5,4,3,Champions
CUST-1929,504,1,321.4,2023-08-09,2023-08-09,2.0,0.0,321.4,1,1,1,Dormant
CUST-1930,409,4,1787.08,2023-03-16,2023-11-12,2.75,0.0,446.77,1,3,3,At Risk
CUST-1931,31,4,2657.4,2023-11-30,2024-11-24,3.0,0.0,664.35,5,3,4,Loyal Customers
CUST-1932,273,1,419.56,2024-03-27,2024-03-27,4.0,0.0,419.56,1,1,1,Dormant
CUST-1933,136,7,4679.13,2023-04-13,2024-08-11,3.7142857142857144,0.0,668.45,3,4,5,Loyal Customers
CUST-1934,244,5,1703.84,2023-05-18,2024-04-25,3.0,0.0,340.77,1,3,3,At Risk
CUST-1935,72,5,1140.22,2023-05-23,2024-10-14,4.5,0.2,228.04,5,3,2,Loyal Customers
CUST-1936,376,4,1062.39,2023-07-03,2023-12-15,5.5,0.0,265.6,1,3,2,At Risk
CUST-1937,82,1,120.5,2024-10-04,2024-10-04,6.0,0.0,120.5,4,1,1,Potential Loyalists
CUST-1938,377,1,146.7,2023-12-14,2023-12-14,3.0,1.0,146.7,1,1,1,Dormant
CUST-1939,191,10,3882.0499999999997,2023-06-13,2024-06-17,3.4,0.1,388.2,2,5,5,At Risk
CUST-1940,281,4,1919.9899999999998,2023-02-02,2024-03-19,4.0,0.0,480.0,1,3,3,At Risk
CUST-1941,33,4,1521.65,2023-02-26,2024-11-22,5.25,0.0,380.41,5,3,3,Loyal Customers
CUST-1942,118,7,4486.71,2023-10-26,2024-08-29,2.5714285714285716,0.0,640.96,4,4,5,Champions
CUST-1943,167,1,197.08,2024-07-11,2024-07-11,5.0,0.0,197.08,3,1,1,Potential Loyalists
CUST-1944,284,6,2250.89,2023-05-07,2024-03-16,2.6666666666666665,0.0,375.15,1,4,4,At Risk
CUST-1945,433,2,230.52,2023-04-08,2023-10-19,5.0,0.0,115.26,1,1,1,Dormant
CUST-1946,85,2,559.28,2024-05-28,2024-10-01,4.5,0.0,279.64,4,1,1,Potential Loyalists
CUST-1947,138,4,440.04,2023-11-23,2024-08-09,5.0,0.0,110.01,3,3,1,Loyal Customers
CUST-1948,49,6,4374.03,2023-05-08,2024-11-06,4.166666666666667,0.0,729.0,5,4,5,Champions
CUST-1949,272,6,1247.5900000000001,2023-07-08,2024-03-28,3.5,0.0,207.93,1,4,3,At Risk
CUST-1950,230,3,530.79,2023-06-19,2024-05-09,4.333333333333333,0.0,176.93,2,2,1,Dormant
CUST-1951,143,4,896.0699999999999,2023-08-13,2024-08-04,3.5,0.0,224.02,3,3,2,Loyal Customers
CUST-1952,426,2,369.34000000000003,2023-04-21,2023-10-26,3.5,0.0,184.67,1,1,1,Dormant
CUST-1953,375,1,135.77,2023-12-16,2023-12-16,2.0,0.0,135.77,1,1,1,Dormant
CUST-1954,104,6,1418.9699999999998,2023-07-06,2024-09-12,3.6666666666666665,0.0,236.49,4,4,3,Champions
CUST-1955,219,4,1053.85,2023-06-02,2024-05-20,3.75,0.0,263.46,2,3,2,At Risk
CUST-1956,268,3,520.98,2023-10-13,2024-04-01,3.3333333333333335,0.3333333333333333,173.66,1,2,1,Dormant
CUST-1957,232,2,232.23,2024-03-15,2024-05-07,4.0,0.0,116.12,2,1,1,Dormant
CUST-1958,83,3,1119.91,2024-03-16,2024-10-03,4.0,0.0,373.3,4,2,2,Potential Loyalists
CUST-1959,120,5,2285.9,2023-10-18,2024-08-27,4.4,0.0,457.18,4,3,4,Loyal Customers
CUST-1960,620,1,333.3,2023-04-15,2023-04-15,2.0,0.0,333.3,1,1,1,Dormant
CUST-1961,52,4,1615.21,2024-04-06,2024-11-03,2.75,0.0,403.8,5,3,3,Loyal Customers
CUST-1962,124,3,1184.7,2023-12-21,2024-08-23,3.6666666666666665,0.0,394.9,4,2,3,Potential Loyalists
CUST-1963,155,3,793.24,2024-03-13,2024-07-23,3.0,0.0,264.41,3,2,2,Potential Loyalists
CUST-1964,223,4,1264.98,2023-02-23,2024-05-16,4.25,0.0,316.24,2,3,3,At Risk
CUST-1965,229,3,2705.86,2024-02-18,2024-05-10,2.6666666666666665,0.0,901.95,2,2,4,Dormant
CUST-1966,53,3,910.58,2024-08-03,2024-11-02,4.0,0.0,303.53,5,2,2,Potential Loyalists
CUST-1967,302,2,642.01,2023-11-11,2024-02-27,2.5,0.5,321.0,1,1,2,Dormant
CUST-1968,163,6,2282.7,2023-11-04,2024-07-15,4.333333333333333,0.0,380.45,3,4,4,Loyal Customers
CUST-1969,287,3,496.75,2023-10-22,2024-03-13,2.0,0.0,165.58,1,2,1,Dormant
CUST-1970,315,3,1516.76,2023-08-26,2024-02-14,3.3333333333333335,0.0,505.59,1,2,3,Dormant
CUST-1971,71,2,892.66,2024-04-13,2024-10-15,4.0,0.0,446.33,5,1,2,Potential Loyalists
CUST-1972,145,1,50.06,2024-08-02,2024-08-02,3.0,0.0,50.06,3,1,1,Potential Loyalists
CUST-1973,113,2,838.55,2023-09-10,2024-09-03,2.0,0.0,419.28,4,1,2,Potential Loyalists
CUST-1974,82,5,1122.46,2023-06-17,2024-10-04,3.0,0.2,224.49,4,3,2,Loyal Customers
CUST-1975,211,3,1333.57,2023-05-30,2024-05-28,2.6666666666666665,0.0,444.52,2,2,3,Dormant
CUST-1976,229,4,1785.94,2023-11-20,2024-05-10,4.0,0.0,446.48,2,3,3,At Risk
CUST-1977,178,3,492.53,2023-06-27,2024-06-30,3.6666666666666665,0.0,164.18,2,2,1,Dormant
CUST-1978,142,3,757.97,2024-02-11,2024-08-05,3.6666666666666665,0.0,252.66,3,2,2,Potential Loyalists
CUST-1980,266,3,422.11,2023-12-21,2024-04-03,3.6666666666666665,0.0,140.7,1,2,1,Dormant
CUST-1981,39,3,309.59999999999997,2024-08-23,2024-11-16,2.3333333333333335,0.0,103.2,5,2,1,Potential Loyalists
CUST-1982,75,3,2744.32,2024-01-09,2024-10-11,2.3333333333333335,0.0,914.77,5,2,4,Potential Loyalists
CUST-1983,109,2,879.47,2023-09-27,2024-09-07,2.5,0.0,439.74,4,1,2,Potential Loyalists
CUST-1984,255,5,1070.32,2023-09-14,2024-04-14,3.8,0.0,214.06,1,3,2,At Risk
CUST-1985,120,3,2796.87,2023-04-26,2024-08-27,3.0,0.0,932.29,4,2,4,Potential Loyalists
CUST-1986,137,2,722.03,2024-02-22,2024-08-10,3.0,0.0,361.02,3,1,2,Potential Loyalists
CUST-1987,222,5,1361.36,2023-12-29,2024-05-17,3.2,0.0,272.27,2,3,3,At Risk
CUST-1988,250,1,383.5,2024-04-19,2024-04-19,2.0,0.0,383.5,1,1,1,Dormant
CUST-1989,123,2,1478.84,2024-04-15,2024-08-24,3.5,0.0,739.42,4,1,3,Potential Loyalists
CUST-1990,128,5,629.78,2023-02-11,2024-08-19,2.6,0.0,125.96,3,3,2,Loyal Customers
CUST-1991,103,1,261.04,2024-09-13,2024-09-13,3.0,0.0,261.04,4,1,1,Potential Loyalists
CUST-1992,148,3,559.19,2023-12-03,2024-07-30,2.6666666666666665,0.0,186.4,3,2,1,Potential Loyalists
CUST-1993,190,7,2699.25,2023-07-17,2024-06-18,4.0,0.0,385.61,2,4,4,At Risk
CUST-1994,182,4,1318.85,2023-09-07,2024-06-26,4.5,0.0,329.71,2,3,3,At Risk
CUST-1995,199,5,1190.43,2023-08-07,2024-06-09,4.0,0.0,238.09,2,3,3,At Risk
CUST-1996,305,4,1612.22,2023-09-21,2024-02-24,4.75,0.0,403.06,1,3,3,At Risk
CUST-1997,132,3,2000.22,2024-03-21,2024-08-15,4.0,0.0,666.74,3,2,4,Potential Loyalists
CUST-1998,433,2,1257.87,2023-10-19,2023-10-19,4.0,0.0,628.93,1,1,3,Dormant
CUST-1999,319,5,1366.8500000000001,2023-03-29,2024-02-10,4.4,0.0,273.37,1,3,3,At Risk
CUST-2000,279,2,442.01,2024-03-01,2024-03-21,3.0,0.0,221.0,1,1,1,Dormant
CUST-2001,363,2,371.17,2023-11-20,2023-12-28,3.0,0.0,185.58,1,1,1,Dormant
CUST-2002,167,2,827.85,2023-10-26,2024-07-11,5.0,0.0,413.92,3,1,2,Potential Loyalists
CUST-2003,70,2,506.32000000000005,2023-12-06,2024-10-16,4.0,0.0,253.16,5,1,1,Potential Loyalists
CUST-2004,265,3,622.23,2023-03-17,2024-04-04,3.6666666666666665,0.0,207.41,1,2,2,Dormant
CUST-2005,112,3,443.96999999999997,2024-05-19,2024-09-04,3.5,0.0,147.99,4,2,1,Potential Loyalists
CUST-2006,131,5,1825.8100000000002,2023-07-27,2024-08-16,3.8,0.0,365.16,3,3,3,Loyal Customers
CUST-2007,57,5,1018.66,2023-08-30,2024-10-29,4.2,0.0,203.73,5,3,2,Loyal Customers
CUST-2008,480,1,68.12,2023-09-02,2023-09-02,5.0,0.0,68.12,1,1,1,Dormant
CUST-2009,18,3,1104.87,2024-05-12,2024-12-07,3.3333333333333335,0.0,368.29,5,2,2,Potential Loyalists
CUST-2010,186,3,571.33,2023-05-21,2024-06-22,2.6666666666666665,0.0,190.44,2,2,1,Dormant
CUST-2011,102,7,929.36,2023-09-03,2024-09-14,4.285714285714286,0.2857142857142857,132.77,4,4,2,Champions
CUST-2013,223,4,1980.52,2023-07-09,2024-05-16,3.25,0.25,495.13,2,3,4,At Risk
CUST-2014,211,2,301.95000000000005,2023-12-21,2024-05-28,3.5,0.0,150.98,2,1,1,Dormant
CUST-2015,267,4,1872.65,2023-11-26,2024-04-02,2.5,0.0,468.16,1,3,3,At Risk
CUST-2016,71,3,917.6899999999999,2023-04-24,2024-10-15,3.0,0.0,305.9,5,2,2,Potential Loyalists
CUST-2017,480,3,2174.04,2023-04-01,2023-09-02,3.0,0.0,724.68,1,2,4,Dormant
CUST-2018,105,6,4111.74,2023-09-22,2024-09-11,4.166666666666667,0.16666666666666666,685.29,4,4,5,Champions
CUST-2019,339,2,606.22,2023-03-19,2024-01-21,3.0,0.5,303.11,1,1,1,Dormant
CUST-2020,152,5,798.62,2023-07-09,2024-07-26,2.0,0.0,159.72,3,3,2,Loyal Customers
CUST-2021,220,2,1206.24,2024-03-08,2024-05-19,4.0,0.5,603.12,2,1,3,Dormant
CUST-2023,83,3,759.05,2024-06-02,2024-10-03,3.3333333333333335,0.0,253.02,4,2,2,Potential Loyalists
CUST-2024,270,1,268.31,2024-03-30,2024-03-30,2.0,0.0,268.31,1,1,1,Dormant
CUST-2025,261,2,437.18,2023-11-22,2024-04-08,4.0,0.0,218.59,1,1,1,Dormant
CUST-2026,266,3,1688.6399999999999,2023-09-06,2024-04-03,3.0,0.0,562.88,1,2,3,Dormant
CUST-2027,307,3,1184.3,2023-02-27,2024-02-22,2.6666666666666665,0.0,394.77,1,2,3,Dormant
CUST-2028,247,3,788.9399999999999,2023-09-30,2024-04-22,5.0,0.0,262.98,1,2,2,Dormant
CUST-2029,7,3,543.85,2023-12-21,2024-12-18,3.6666666666666665,0.0,181.28,5,2,1,Potential Loyalists
CUST-2030,392,2,979.53,2023-06-28,2023-11-29,4.5,0.0,489.76,1,1,2,Dormant
CUST-2031,241,7,2129.63,2023-05-14,2024-04-28,3.2857142857142856,0.0,304.23,1,4,4,At Risk
CUST-2032,56,3,952.2,2023-10-23,2024-10-30,2.6666666666666665,0.0,317.4,5,2,2,Potential Loyalists
CUST-2033,151,4,1338.74,2023-11-08,2024-07-27,2.75,0.0,334.68,3,3,3,Loyal Customers
CUST-2034,140,6,1798.88,2023-04-07,2024-08-07,2.8333333333333335,0.0,299.81,3,4,3,Loyal Customers
CUST-2035,43,6,1160.47,2023-11-19,2024-11-12,3.6666666666666665,0.0,193.41,5,4,2,Champions
CUST-2036,334,1,60.25,2024-01-26,2024-01-26,6.0,0.0,60.25,1,1,1,Dormant
CUST-2037,427,1,268.31,2023-10-25,2023-10-25,4.0,0.0,268.31,1,1,1,Dormant
CUST-2038,190,3,389.07,2024-01-03,2024-06-18,3.6666666666666665,0.0,129.69,2,2,1,Dormant
CUST-2039,275,2,210.43,2023-08-14,2024-03-25,3.0,0.0,105.22,1,1,1,Dormant
CUST-2040,176,4,1023.14,2023-12-31,2024-07-02,3.25,0.0,255.78,2,3,2,At Risk
CUST-2041,173,4,1868.3,2023-07-28,2024-07-05,3.75,0.0,467.08,3,3,3,Loyal Customers
CUST-2042,134,6,822.21,2023-09-21,2024-08-13,4.666666666666667,0.16666666666666666,137.04,3,4,2,Loyal Customers
CUST-2043,86,5,1095.1399999999999,2023-11-22,2024-09-30,2.8,0.0,219.03,4,3,2,Loyal Customers
CUST-2045,193,7,3030.76,2023-08-31,2024-06-15,3.4285714285714284,0.0,432.97,2,4,4,At Risk
CUST-2046,64,5,1547.22,2023-06-01,2024-10-22,4.2,0.0,309.44,5,3,3,Loyal Customers
CUST-2047,172,5,2528.6099999999997,2023-10-06,2024-07-06,3.4,0.2,505.72,3,3,4,Loyal Customers
CUST-2048,360,3,645.21,2023-05-08,2023-12-31,3.3333333333333335,0.0,215.07,1,2,2,Dormant
CUST-2049,111,8,3399.16,2023-07-28,2024-09-05,3.5,0.0,424.9,4,4,5,Champions
CUST-2050,273,1,114.97,2024-03-27,2024-03-27,4.0,0.0,114.97,1,1,1,Dormant
CUST-2051,74,4,1044.11,2024-01-31,2024-10-12,2.25,0.0,261.03,5,3,2,Loyal Customers
CUST-2052,262,2,917.85,2024-02-13,2024-04-07,2.0,0.0,458.92,1,1,2,Dormant
CUST-2053,325,1,316.24,2024-02-04,2024-02-04,4.0,0.0,316.24,1,1,1,Dormant
CUST-2054,590,1,102.65,2023-05-15,2023-05-15,7.0,0.0,102.65,1,1,1,Dormant
CUST-2055,158,4,1552.0499999999997,2024-03-17,2024-07-20,3.3333333333333335,0.0,388.01,3,3,3,Loyal Customers
CUST-2056,228,4,1099.67,2023-07-20,2024-05-11,3.5,0.25,274.92,2,3,2,At Risk
CUST-2057,431,2,440.05,2023-10-02,2023-10-21,3.5,0.0,220.02,1,1,1,Dormant
CUST-2058,116,3,556.71,2023-10-18,2024-08-31,2.3333333333333335,0.0,185.57,4,2,1,Potential Loyalists
CUST-2059,239,3,3730.71,2023-06-11,2024-04-30,2.6666666666666665,0.0,1243.57,2,2,5,Dormant
CUST-2060,457,2,485.77,2023-06-16,2023-09-25,3.0,0.0,242.88,1,1,1,Dormant
CUST-2061,222,10,2001.1799999999998,2023-06-06,2024-05-17,2.9,0.1,200.12,2,5,4,At Risk
CUST-2062,29,6,1247.8,2023-02-21,2024-11-26,3.3333333333333335,0.0,207.97,5,4,3,Champions
CUST-2063,215,4,1043.55,2023-12-06,2024-05-24,4.0,0.0,260.89,2,3,2,At Risk
CUST-2064,154,5,1082.42,2023-11-11,2024-07-24,3.5,0.2,216.48,3,3,2,Loyal Customers
CUST-2065,212,6,2150.56,2023-10-30,2024-05-27,3.3333333333333335,0.0,358.43,2,4,4,At Risk
CUST-2066,1,3,768.64,2024-05-21,2024-12-24,3.6666666666666665,0.0,256.21,5,2,2,Potential Loyalists
CUST-2067,273,1,163.23,2024-03-27,2024-03-27,4.0,0.0,163.23,1,1,1,Dormant
CUST-2068,114,1,694.06,2024-09-02,2024-09-02,6.0,0.0,694.06,4,1,2,Potential Loyalists
CUST-2069,226,4,445.40999999999997,2023-05-04,2024-05-13,5.75,0.25,111.35,2,3,1,At Risk
CUST-2070,231,3,1236.55,2023-11-12,2024-05-08,5.5,0.0,412.18,2,2,3,Dormant
CUST-2071,264,1,419.38,2024-04-05,2024-04-05,3.0,0.0,419.38,1,1,1,Dormant
CUST-2072,187,6,729.5899999999999,2023-05-11,2024-06-21,3.1666666666666665,0.0,121.6,2,4,2,At Risk
CUST-2073,144,4,3849.08,2023-05-21,2024-08-03,3.25,0.0,962.27,3,3,5,Loyal Customers
CUST-2074,168,4,801.02,2023-08-28,2024-07-10,5.0,0.25,200.26,3,3,2,Loyal Customers
CUST-2075,193,2,690.06,2024-02-02,2024-06-15,4.0,0.0,345.03,2,1,2,Dormant
CUST-2076,261,2,648.47,2023-11-06,2024-04-08,2.5,0.0,324.24,1,1,2,Dormant
CUST-2077,178,3,319.67,2023-10-12,2024-06-30,3.3333333333333335,0.0,106.56,2,2,1,Dormant
CUST-2078,146,3,293.47,2023-07-18,2024-08-01,2.3333333333333335,0.0,97.82,3,2,1,Potential Loyalists
CUST-2079,207,2,1251.97,2024-02-26,2024-06-01,2.0,0.0,625.98,2,1,3,Dormant
CUST-2080,178,7,1285.8700000000001,2023-10-28,2024-06-30,3.4285714285714284,0.0,183.7,2,4,3,At Risk
CUST-2081,268,4,1224.26,2023-02-11,2024-04-01,2.75,0.0,306.06,1,3,3,At Risk
CUST-2082,282,2,292.21,2024-01-24,2024-03-18,3.5,0.0,146.1,1,1,1,Dormant
CUST-2083,115,5,1270.58,2023-07-29,2024-09-01,4.0,0.0,254.12,4,3,3,Loyal Customers
CUST-2084,101,2,517.99,2023-01-12,2024-09-15,2.5,0.0,259.0,4,1,1,Potential Loyalists
CUST-2085,233,5,1516.99,2023-05-23,2024-05-06,3.4,0.0,303.4,2,3,3,At Risk
CUST-2086,205,5,1606.69,2023-10-10,2024-06-03,3.6,0.0,321.34,2,3,3,At Risk
CUST-2087,88,2,387.66,2024-04-28,2024-09-28,2.0,0.0,193.83,4,1,1,Potential Loyalists
CUST-2088,74,9,2910.86,2023-11-01,2024-10-12,3.2222222222222223,0.0,323.43,5,5,4,Champions
CUST-2089,145,5,1050.35,2023-04-01,2024-08-02,4.0,0.0,210.07,3,3,2,Loyal Customers
CUST-2090,182,4,243.78,2024-03-22,2024-06-26,4.25,0.0,60.94,2,3,1,At Risk
CUST-2091,147,3,1165.4099999999999,2023-05-25,2024-07-31,4.0,0.0,388.47,3,2,2,Potential Loyalists
CUST-2092,23,4,1941.58,2023-07-26,2024-12-02,2.75,0.0,485.4,5,3,3,Loyal Customers
CUST-2093,127,6,1272.1399999999999,2023-10-07,2024-08-20,3.8,0.0,212.02,3,4,3,Loyal Customers
CUST-2094,279,2,372.59,2024-02-18,2024-03-21,3.0,0.0,186.3,1,1,1,Dormant
CUST-2095,293,4,873.9200000000001,2023-11-21,2024-03-07,2.0,0.0,218.48,1,3,2,At Risk
CUST-2096,128,1,94.85,2024-08-19,2024-08-19,4.0,0.0,94.85,3,1,1,Potential Loyalists
CUST-2097,228,3,835.93,2023-05-13,2024-05-11,3.6666666666666665,0.0,278.64,2,2,2,Dormant
CUST-2098,117,3,1071.81,2024-03-28,2024-08-30,3.0,0.0,357.27,4,2,2,Potential Loyalists
CUST-2099,74,7,2198.24,2023-10-17,2024-10-12,3.142857142857143,0.0,314.03,5,4,4,Champions
CUST-2100,191,1,310.81,2024-06-17,2024-06-17,3.0,0.0,310.81,2,1,1,Dormant
CUST-2101,144,4,1282.92,2023-06-14,2024-08-03,4.0,0.25,320.73,3,3,3,Loyal Customers
CUST-2102,221,1,414.9,2024-05-18,2024-05-18,6.0,0.0,414.9,2,1,1,Dormant
CUST-2103,31,3,575.62,2024-01-14,2024-11-24,3.0,0.0,191.87,5,2,1,Potential Loyalists
CUST-2104,145,4,1370.4899999999998,2023-07-16,2024-08-02,2.5,0.0,342.62,3,3,3,Loyal Customers
CUST-2105,52,5,923.94,2023-08-20,2024-11-03,4.4,0.0,184.79,5,3,2,Loyal Customers
CUST-2106,282,4,4267.4400000000005,2023-08-11,2024-03-18,3.75,0.0,1066.86,1,3,5,At Risk
CUST-2107,154,4,1877.31,2023-10-28,2024-07-24,3.75,0.0,469.33,3,3,3,Loyal Customers
CUST-2108,189,6,2567.14,2023-08-11,2024-06-19,3.1666666666666665,0.0,427.86,2,4,4,At Risk
CUST-2109,332,2,283.15999999999997,2023-09-11,2024-01-28,4.5,0.0,141.58,1,1,1,Dormant
CUST-2110,206,3,910.41,2023-10-28,2024-06-02,2.6666666666666665,0.0,303.47,2,2,2,Dormant
CUST-2111,174,1,347.03,2024-07-04,2024-07-04,4.0,0.0,347.03,3,1,1,Potential Loyalists
CUST-2112,143,5,1905.21,2023-03-30,2024-08-04,3.8,0.0,381.04,3,3,3,Loyal Customers
CUST-2113,221,3,759.9499999999999,2023-07-01,2024-05-18,3.6666666666666665,0.0,253.32,2,2,2,Dormant
CUST-2114,93,3,3476.88,2024-04-26,2024-09-23,3.3333333333333335,0.0,1158.96,4,2,5,Potential Loyalists
CUST-2115,20,3,530.23,2023-08-30,2024-12-05,2.6666666666666665,0.0,176.74,5,2,1,Potential Loyalists
CUST-2116,486,1,708.09,2023-08-27,2023-08-27,3.0,0.0,708.09,1,1,2,Dormant
CUST-2117,255,2,488.83,2023-05-03,2024-04-14,4.5,0.0,244.42,1,1,1,Dormant
CUST-2118,96,3,701.5,2023-05-09,2024-09-20,2.6666666666666665,0.0,233.83,4,2,2,Potential Loyalists
CUST-2119,296,8,2280.64,2023-03-14,2024-03-04,3.25,0.125,285.08,1,4,4,At Risk
CUST-2120,97,7,2508.12,2023-03-06,2024-09-19,2.7142857142857144,0.0,358.3,4,4,4,Champions
CUST-2121,100,3,952.49,2023-10-21,2024-09-16,2.6666666666666665,0.0,317.5,4,2,2,Potential Loyalists
CUST-2122,268,1,46.4,2024-04-01,2024-04-01,5.0,0.0,46.4,1,1,1,Dormant
CUST-2123,232,3,897.6700000000001,2023-11-29,2024-05-07,3.0,0.0,299.22,2,2,2,Dormant
CUST-2124,165,2,967.78,2024-04-16,2024-07-13,4.0,0.0,483.89,3,1,2,Potential Loyalists
CUST-2125,110,5,2211.76,2023-07-05,2024-09-06,4.4,0.0,442.35,4,3,4,Loyal Customers
CUST-2126,76,2,1266.79,2024-02-12,2024-10-10,3.5,0.0,633.4,5,1,3,Potential Loyalists
CUST-2128,481,2,1760.73,2023-05-25,2023-09-01,3.0,0.0,880.36,1,1,3,Dormant
CUST-2129,285,4,1262.23,2023-10-01,2024-03-15,2.5,0.0,315.56,1,3,3,At Risk
CUST-2130,63,3,719.6500000000001,2023-09-15,2024-10-23,4.0,0.0,239.88,5,2,2,Potential Loyalists
CUST-2131,577,1,331.18,2023-05-28,2023-05-28,3.0,0.0,331.18,1,1,1,Dormant
CUST-2132,110,3,319.27,2024-03-29,2024-09-06,2.6666666666666665,0.3333333333333333,106.42,4,2,1,Potential Loyalists
CUST-2133,165,4,704.9300000000001,2023-10-16,2024-07-13,4.25,0.0,176.23,3,3,2,Loyal Customers
CUST-2134,117,3,835.72,2023-05-25,2024-08-30,4.0,0.0,278.57,4,2,2,Potential Loyalists
CUST-2135,120,5,1663.79,2023-06-15,2024-08-27,3.2,0.0,332.76,4,3,3,Loyal Customers
CUST-2137,56,3,451.08,2023-09-05,2024-10-30,4.666666666666667,0.0,150.36,5,2,1,Potential Loyalists
CUST-2138,329,2,413.25,2023-12-24,2024-01-31,3.5,0.0,206.62,1,1,1,Dormant
CUST-2139,93,7,2305.17,2023-05-10,2024-09-23,4.428571428571429,0.0,329.31,4,4,4,Champions
CUST-2140,109,6,992.44,2023-09-15,2024-09-07,3.3333333333333335,0.0,165.41,4,4,2,Champions
CUST-2141,113,5,2132.59,2024-02-05,2024-09-03,3.0,0.0,426.52,4,3,4,Loyal Customers
CUST-2142,370,4,1664.99,2023-05-31,2023-12-21,3.25,0.0,416.25,1,3,3,At Risk
CUST-2143,161,2,4346.87,2024-07-13,2024-07-17,2.5,0.0,2173.44,3,1,5,Potential Loyalists
CUST-2144,270,2,492.68,2023-10-20,2024-03-30,7.0,0.0,246.34,1,1,1,Dormant
CUST-2146,227,4,2663.46,2023-04-10,2024-05-12,3.75,0.5,665.86,2,3,4,At Risk
CUST-2147,204,5,710.47,2023-08-02,2024-06-04,4.2,0.0,142.09,2,3,2,At Risk
CUST-2148,105,4,670.29,2023-08-27,2024-09-11,3.5,0.25,167.57,4,3,2,Loyal Customers
CUST-2149,113,7,1803.8400000000001,2023-09-21,2024-09-03,3.0,0.0,257.69,4,4,3,Champions
CUST-2150,109,2,604.3,2024-08-06,2024-09-07,2.5,0.0,302.15,4,1,1,Potential Loyalists
CUST-2151,181,1,99.15,2024-06-27,2024-06-27,5.0,0.0,99.15,2,1,1,Dormant
CUST-2152,204,6,2596.1000000000004,2023-11-27,2024-06-04,3.6666666666666665,0.0,432.68,2,4,4,At Risk
CUST-2153,182,5,3757.32,2024-01-20,2024-06-26,3.4,0.0,751.46,2,3,5,At Risk
CUST-2154,123,4,451.48,2024-04-05,2024-08-24,4.75,0.0,112.87,4,3,1,Loyal Customers
CUST-2155,156,4,1670.52,2024-02-10,2024-07-22,2.25,0.0,417.63,3,3,3,Loyal Customers
CUST-2156,198,5,2813.81,2023-10-22,2024-06-10,4.2,0.4,562.76,2,3,4,At Risk
CUST-2157,165,4,947.4000000000001,2023-11-13,2024-07-13,3.5,0.0,236.85,3,3,2,Loyal Customers
CUST-2158,193,5,1286.23,2023-06-10,2024-06-15,2.8,0.0,257.25,2,3,3,At Risk
CUST-2159,92,6,1219.6399999999999,2023-02-16,2024-09-24,3.5,0.16666666666666666,203.27,4,4,3,Champions
CUST-2160,163,7,1934.51,2023-11-25,2024-07-15,3.7142857142857144,0.0,276.36,3,4,3,Loyal Customers
CUST-2161,172,3,510.11,2023-10-29,2024-07-06,3.3333333333333335,0.0,170.04,3,2,1,Potential Loyalists
CUST-2162,165,2,1170.99,2023-10-05,2024-07-13,3.5,0.0,585.5,3,1,2,Potential Loyalists
CUST-2163,126,8,3186.04,2023-06-05,2024-08-21,3.375,0.0,398.26,3,4,4,Loyal Customers
CUST-2164,297,1,1372.2,2024-03-03,2024-03-03,2.0,0.0,1372.2,1,1,3,Dormant
CUST-2165,271,2,624.95,2023-05-23,2024-03-29,5.5,0.5,312.48,1,1,2,Dormant
CUST-2166,246,8,1404.72,2023-02-22,2024-04-23,2.75,0.0,175.59,1,4,3,At Risk
CUST-2167,250,5,1013.12,2023-10-26,2024-04-19,2.2,0.0,202.62,1,3,2,At Risk
CUST-2168,361,2,339.02,2023-08-19,2023-12-30,3.0,0.0,169.51,1,1,1,Dormant
CUST-2169,99,1,46.4,2024-09-17,2024-09-17,3.0,0.0,46.4,4,1,1,Potential Loyalists
CUST-2170,224,5,1832.79,2023-06-23,2024-05-15,3.0,0.0,366.56,2,3,3,At Risk
CUST-2171,281,5,840.87,2023-05-11,2024-03-19,2.8,0.0,168.17,1,3,2,At Risk
CUST-2172,302,3,1244.35,2023-04-25,2024-02-27,3.6666666666666665,0.0,414.78,1,2,3,Dormant
CUST-2173,295,4,2096.16,2023-07-25,2024-03-05,4.5,0.0,524.04,1,3,4,At Risk
CUST-2174,253,2,188.85,2024-02-21,2024-04-16,3.5,0.0,94.42,1,1,1,Dormant
CUST-2175,120,10,3563.5,2023-07-26,2024-08-27,3.1,0.0,356.35,4,5,5,Champions
CUST-2176,107,2,1130.8600000000001,2023-08-04,2024-09-09,2.0,0.0,565.43,4,1,2,Potential Loyalists
CUST-2177,151,7,2387.1,2023-04-19,2024-07-27,3.5714285714285716,0.2857142857142857,341.01,3,4,4,Loyal Customers
CUST-2178,312,4,503.72,2023-08-09,2024-02-17,4.0,0.0,125.93,1,3,1,At Risk
CUST-2179,136,2,2379.68,2023-07-29,2024-08-11,2.5,0.0,1189.84,3,1,4,Potential Loyalists
CUST-2180,30,4,678.34,2023-06-28,2024-11-25,4.25,0.0,169.58,5,3,2,Loyal Customers
CUST-2181,127,2,572.45,2023-11-25,2024-08-20,3.5,0.0,286.23,3,1,1,Potential Loyalists
CUST-2182,160,3,829.0,2024-02-03,2024-07-18,3.0,0.0,276.33,3,2,2,Potential Loyalists
CUST-2183,83,3,455.69,2023-06-24,2024-10-03,3.0,0.3333333333333333,151.9,4,2,1,Potential Loyalists
CUST-2184,290,1,158.12,2024-03-10,2024-03-10,3.0,0.0,158.12,1,1,1,Dormant
CUST-2185,99,3,1469.89,2023-10-08,2024-09-17,2.6666666666666665,0.3333333333333333,489.96,4,2,3,Potential Loyalists
CUST-2186,62,4,2291.4,2024-02-16,2024-10-24,4.0,0.0,572.85,5,3,4,Loyal Customers
CUST-2187,93,3,2503.68,2024-02-05,2024-09-23,2.6666666666666665,0.0,834.56,4,2,4,Potential Loyalists
CUST-2188,148,3,972.47,2024-06-18,2024-07-30,3.0,0.3333333333333333,324.16,3,2,2,Potential Loyalists
CUST-2189,312,3,1310.16,2023-08-12,2024-02-17,3.6666666666666665,0.3333333333333333,436.72,1,2,3,Dormant
CUST-2190,164,6,1423.6,2023-05-13,2024-07-14,3.5,0.16666666666666666,237.27,3,4,3,Loyal Customers
CUST-2191,139,2,501.88,2024-04-14,2024-08-08,3.0,0.0,250.94,3,1,1,Potential Loyalists
CUST-2192,206,2,344.01,2024-03-13,2024-06-02,3.5,0.5,172.0,2,1,1,Dormant
CUST-2193,168,6,1097.71,2023-11-21,2024-07-10,2.5,0.0,182.95,3,4,2,Loyal Customers
CUST-2194,469,2,395.89,2023-09-03,2023-09-13,3.0,0.0,197.94,1,1,1,Dormant
CUST-2195,91,2,339.48,2023-12-10,2024-09-25,4.0,0.0,169.74,4,1,1,Potential Loyalists
CUST-2196,23,3,685.37,2024-09-03,2024-12-02,2.6666666666666665,0.0,228.46,5,2,2,Potential Loyalists
CUST-2197,129,3,1251.75,2024-02-15,2024-08-18,2.6666666666666665,0.0,417.25,3,2,3,Potential Loyalists
CUST-2198,236,3,248.89000000000001,2023-10-03,2024-05-03,3.6666666666666665,0.0,82.96,2,2,1,Dormant
CUST-2199,167,3,1970.8600000000001,2024-01-14,2024-07-11,3.3333333333333335,0.0,656.95,3,2,4,Potential Loyalists
CUST-2200,556,1,95.21,2023-06-18,2023-06-18,2.0,0.0,95.21,1,1,1,Dormant
CUST-2201,193,4,2156.94,2023-12-18,2024-06-15,3.0,0.0,539.24,2,3,4,At Risk
CUST-2202,108,9,2483.04,2023-07-20,2024-09-08,4.125,0.0,275.89,4,5,4,Champions
CUST-2203,95,5,2481.71,2023-06-30,2024-09-21,3.0,0.2,496.34,4,3,4,Loyal Customers
CUST-2205,250,5,1637.13,2023-08-19,2024-04-19,3.6,0.2,327.43,1,3,3,At Risk
CUST-2206,260,1,655.46,2024-04-09,2024-04-09,3.0,0.0,655.46,1,1,2,Dormant
CUST-2207,445,2,1226.6699999999998,2023-05-13,2023-10-07,2.0,0.0,613.33,1,1,3,Dormant
CUST-2208,290,4,3271.2799999999997,2023-07-17,2024-03-10,4.0,0.0,817.82,1,3,5,At Risk
CUST-2209,363,3,1959.77,2023-05-23,2023-12-28,3.3333333333333335,0.0,653.26,1,2,3,Dormant
CUST-2210,241,3,1615.3700000000001,2023-06-02,2024-04-28,2.6666666666666665,0.0,538.46,1,2,3,Dormant
CUST-2211,319,1,116.93,2024-02-10,2024-02-10,7.0,0.0,116.93,1,1,1,Dormant
CUST-2212,302,2,257.23,2023-12-15,2024-02-27,3.5,0.0,128.62,1,1,1,Dormant
CUST-2213,114,8,2940.31,2024-03-04,2024-09-02,4.125,0.0,367.54,4,4,4,Champions
CUST-2214,346,2,294.14,2023-10-31,2024-01-14,3.0,0.0,147.07,1,1,1,Dormant
CUST-2215,167,3,1420.92,2023-10-05,2024-07-11,4.333333333333333,0.0,473.64,3,2,3,Potential Loyalists
CUST-2216,76,4,595.89,2023-04-29,2024-10-10,3.25,0.0,148.97,5,3,1,Loyal Customers
CUST-2217,115,3,1084.98,2024-07-25,2024-09-01,4.333333333333333,0.0,361.66,4,2,2,Potential Loyalists
CUST-2218,647,1,383.5,2023-03-19,2023-03-19,4.0,0.0,383.5,1,1,1,Dormant
CUST-2219,226,3,1505.55,2023-03-26,2024-05-13,4.666666666666667,0.0,501.85,2,2,3,Dormant
CUST-2220,268,4,1808.13,2023-04-13,2024-04-01,4.0,0.25,452.03,1,3,3,At Risk
CUST-2221,268,5,588.6700000000001,2023-12-08,2024-04-01,3.5,0.0,117.73,1,3,1,At Risk
CUST-2223,27,3,2470.98,2023-10-17,2024-11-28,3.0,0.0,823.66,5,2,4,Potential Loyalists
CUST-2224,99,4,1518.36,2024-03-17,2024-09-17,2.25,0.0,379.59,4,3,3,Loyal Customers
CUST-2225,64,2,142.07,2024-06-09,2024-10-22,2.5,0.0,71.04,5,1,1,Potential Loyalists
CUST-2226,259,2,539.35,2023-12-05,2024-04-10,4.0,0.0,269.68,1,1,1,Dormant
CUST-2227,14,2,307.34000000000003,2024-05-11,2024-12-11,3.5,0.5,153.67,5,1,1,Potential Loyalists
CUST-2228,175,4,1733.32,2023-09-02,2024-07-03,3.0,0.0,433.33,3,3,3,Loyal Customers
CUST-2230,273,3,582.72,2023-11-24,2024-03-27,4.666666666666667,0.0,194.24,1,2,1,Dormant
CUST-2231,15,5,1018.91,2023-10-07,2024-12-10,2.4,0.0,203.78,5,3,2,Loyal Customers
CUST-2232,173,4,1732.02,2024-03-22,2024-07-05,3.25,0.0,433.0,3,3,3,Loyal Customers
CUST-2233,375,1,430.17,2023-12-16,2023-12-16,5.0,0.0,430.17,1,1,1,Dormant
CUST-2234,78,5,1035.81,2023-06-03,2024-10-08,2.4,0.0,207.16,5,3,2,Loyal Customers
CUST-2235,21,5,1433.12,2024-01-04,2024-12-04,3.0,0.0,286.62,5,3,3,Loyal Customers
CUST-2236,418,1,710.01,2023-11-03,2023-11-03,3.0,0.0,710.01,1,1,2,Dormant
CUST-2237,47,3,1942.48,2023-06-01,2024-11-08,2.3333333333333335,0.3333333333333333,647.49,5,2,3,Potential Loyalists
CUST-2238,193,3,957.8699999999999,2023-07-06,2024-06-15,2.3333333333333335,0.0,319.29,2,2,2,Dormant
CUST-2239,112,4,656.0,2023-05-07,2024-09-04,2.75,0.25,164.0,4,3,2,Loyal Customers
CUST-2240,86,2,197.19,2023-11-02,2024-09-30,3.0,0.0,98.6,4,1,1,Potential Loyalists
CUST-2241,237,3,703.3199999999999,2024-01-15,2024-05-02,2.0,0.3333333333333333,234.44,2,2,2,Dormant
CUST-2242,255,2,722.6800000000001,2023-09-21,2024-04-14,3.0,0.0,361.34,1,1,2,Dormant
CUST-2243,37,4,856.01,2023-02-26,2024-11-18,3.25,0.0,214.0,5,3,2,Loyal Customers
CUST-2244,342,1,33.95,2024-01-18,2024-01-18,4.0,0.0,33.95,1,1,1,Dormant
CUST-2245,261,6,1948.45,2023-03-01,2024-04-08,3.5,0.0,324.74,1,4,3,At Risk
CUST-2246,219,2,884.65,2023-11-19,2024-05-20,2.5,0.0,442.32,2,1,2,Dormant
CUST-2247,22,6,1814.1999999999998,2023-08-15,2024-12-03,2.5,0.0,302.37,5,4,3,Champions
CUST-2248,216,4,2025.77,2023-05-04,2024-05-23,3.75,0.0,506.44,2,3,4,At Risk
CUST-2249,53,3,1727.56,2023-04-19,2024-11-02,2.0,0.0,575.85,5,2,3,Potential Loyalists
CUST-2250,217,5,2072.6000000000004,2023-10-08,2024-05-22,3.6,0.0,414.52,2,3,4,At Risk
CUST-2251,36,7,1226.54,2023-10-18,2024-11-19,4.142857142857143,0.14285714285714285,175.22,5,4,3,Champions
CUST-2252,167,4,2084.6,2023-05-25,2024-07-11,5.0,0.0,521.15,3,3,4,Loyal Customers
CUST-2253,139,6,3229.32,2023-07-11,2024-08-08,3.3333333333333335,0.0,538.22,3,4,5,Loyal Customers
CUST-2254,117,2,647.59,2024-04-12,2024-08-30,3.0,0.0,323.8,4,1,2,Potential Loyalists
CUST-2255,111,2,552.98,2023-02-10,2024-09-05,2.5,0.0,276.49,4,1,1,Potential Loyalists
CUST-2256,205,2,239.26,2024-05-15,2024-06-03,2.5,0.0,119.63,2,1,1,Dormant
CUST-2257,134,6,1584.69,2023-07-25,2024-08-13,4.0,0.0,264.12,3,4,3,Loyal Customers
CUST-2258,287,2,448.28,2023-08-13,2024-03-13,3.5,0.0,224.14,1,1,1,Dormant
CUST-2259,80,4,356.21999999999997,2023-06-17,2024-10-06,4.0,0.0,89.06,5,3,1,Loyal Customers
CUST-2260,290,3,1440.63,2023-09-01,2024-03-10,5.0,0.0,480.21,1,2,3,Dormant
CUST-2261,217,5,3777.94,2023-10-07,2024-05-22,3.4,0.0,755.59,2,3,5,At Risk
CUST-2262,344,2,695.9100000000001,2023-05-09,2024-01-16,3.5,0.0,347.96,1,1,2,Dormant
CUST-2263,111,4,3830.46,2023-09-27,2024-09-05,3.0,0.0,957.62,4,3,5,Loyal Customers
CUST-2264,43,1,474.36,2024-11-12,2024-11-12,1.0,0.0,474.36,5,1,1,Potential Loyalists
CUST-2265,421,1,532.49,2023-10-31,2023-10-31,4.0,0.0,532.49,1,1,1,Dormant
CUST-2266,33,4,5801.38,2023-08-17,2024-11-22,3.5,0.0,1450.34,5,3,5,Loyal Customers
CUST-2267,401,3,1092.2,2023-04-02,2023-11-20,3.6666666666666665,0.0,364.07,1,2,2,Dormant
CUST-2268,376,1,27.07,2023-12-15,2023-12-15,3.0,0.0,27.07,1,1,1,Dormant
CUST-2269,16,3,315.94,2024-02-01,2024-12-09,2.5,0.0,105.31,5,2,1,Potential Loyalists
CUST-2270,243,1,27.07,2024-04-26,2024-04-26,5.0,0.0,27.07,1,1,1,Dormant
CUST-2271,225,1,2263.15,2024-05-14,2024-05-14,2.0,0.0,2263.15,2,1,4,Dormant
CUST-2272,293,1,135.77,2024-03-07,2024-03-07,3.0,0.0,135.77,1,1,1,Dormant
CUST-2273,86,2,514.62,2023-12-27,2024-09-30,3.5,0.0,257.31,4,1,1,Potential Loyalists
CUST-2274,190,3,866.9300000000001,2023-12-27,2024-06-18,3.0,0.0,288.98,2,2,2,Dormant
CUST-2275,242,3,280.4,2023-10-02,2024-04-27,3.6666666666666665,0.0,93.47,1,2,1,Dormant
CUST-2276,132,7,5886.95,2023-11-06,2024-08-15,3.4285714285714284,0.0,840.99,3,4,5,Loyal Customers
CUST-2277,108,3,554.53,2023-12-17,2024-09-08,3.3333333333333335,0.3333333333333333,184.84,4,2,1,Potential Loyalists
CUST-2279,321,2,745.1600000000001,2023-08-27,2024-02-08,4.0,0.0,372.58,1,1,2,Dormant
CUST-2280,305,1,125.57,2024-02-24,2024-02-24,7.0,0.0,125.57,1,1,1,Dormant
CUST-2282,181,4,2528.44,2023-08-06,2024-06-27,4.75,0.0,632.11,2,3,4,At Risk
CUST-2283,223,1,37.72,2024-05-16,2024-05-16,4.0,0.0,37.72,2,1,1,Dormant
CUST-2284,78,4,2260.0,2023-07-23,2024-10-08,3.5,0.0,565.0,5,3,4,Loyal Customers
CUST-2285,132,3,578.8800000000001,2024-04-15,2024-08-15,3.3333333333333335,0.0,192.96,3,2,1,Potential Loyalists
CUST-2286,119,3,1694.1699999999998,2023-10-05,2024-08-28,4.333333333333333,0.0,564.72,4,2,3,Potential Loyalists
CUST-2287,178,7,1448.8600000000001,2023-08-19,2024-06-30,3.857142857142857,0.14285714285714285,206.98,2,4,3,At Risk
CUST-2288,201,3,1219.65,2023-08-13,2024-06-07,4.0,0.0,406.55,2,2,3,Dormant
CUST-2289,236,2,180.37,2023-12-27,2024-05-03,4.5,0.0,90.18,2,1,1,Dormant
CUST-2290,217,4,1566.94,2023-06-24,2024-05-22,3.75,0.0,391.74,2,3,3,At Risk
CUST-2291,493,1,113.53,2023-08-20,2023-08-20,5.0,0.0,113.53,1,1,1,Dormant
CUST-2292,68,2,1046.94,2024-06-21,2024-10-18,3.5,0.0,523.47,5,1,2,Potential Loyalists
CUST-2293,225,5,711.04,2023-09-02,2024-05-14,3.4,0.2,142.21,2,3,2,At Risk
CUST-2294,238,3,1131.15,2023-01-28,2024-05-01,3.0,0.0,377.05,2,2,2,Dormant
CUST-2295,72,4,1684.6499999999999,2023-07-01,2024-10-14,3.5,0.0,421.16,5,3,3,Loyal Customers
CUST-2296,274,3,227.17,2023-12-17,2024-03-26,4.666666666666667,0.0,75.72,1,2,1,Dormant
CUST-2297,187,2,536.3,2023-11-01,2024-06-21,3.5,0.5,268.15,2,1,1,Dormant
CUST-2298,70,1,204.04,2024-10-16,2024-10-16,3.0,1.0,204.04,5,1,1,Potential Loyalists
CUST-2299,231,2,420.01,2023-11-27,2024-05-08,3.0,0.5,210.0,2,1,1,Dormant
CUST-2300,143,6,2196.1800000000003,2023-11-23,2024-08-04,3.8333333333333335,0.0,366.03,3,4,4,Loyal Customers
CUST-2302,615,1,122.95,2023-04-20,2023-04-20,3.0,0.0,122.95,1,1,1,Dormant
CUST-2303,55,3,942.67,2024-06-24,2024-10-31,3.6666666666666665,0.0,314.22,5,2,2,Potential Loyalists
CUST-2304,406,1,45.65,2023-11-15,2023-11-15,2.0,0.0,45.65,1,1,1,Dormant
CUST-2305,210,2,1021.9300000000001,2023-02-02,2024-05-29,4.0,0.0,510.96,2,1,2,Dormant
CUST-2306,102,2,1647.53,2024-09-13,2024-09-14,3.0,0.0,823.76,4,1,3,Potential Loyalists
CUST-2307,168,3,543.64,2023-10-13,2024-07-10,3.0,0.0,181.21,3,2,1,Potential Loyalists
CUST-2308,378,1,530.41,2023-12-13,2023-12-13,3.0,0.0,530.41,1,1,1,Dormant
CUST-2309,348,1,613.24,2024-01-12,2024-01-12,6.0,0.0,613.24,1,1,2,Dormant
CUST-2310,152,7,2921.54,2023-08-05,2024-07-26,3.0,0.0,417.36,3,4,4,Loyal Customers
CUST-2311,190,7,2783.7,2023-09-20,2024-06-18,4.0,0.0,397.67,2,4,4,At Risk
CUST-2312,253,1,268.31,2024-04-16,2024-04-16,4.0,0.0,268.31,1,1,1,Dormant
CUST-2313,118,6,3388.97,2023-05-31,2024-08-29,3.1666666666666665,0.0,564.83,4,4,5,Champions
CUST-2314,145,2,601.47,2024-06-19,2024-08-02,5.0,0.0,300.74,3,1,1,Potential Loyalists
CUST-2315,94,3,676.1300000000001,2023-05-03,2024-09-22,4.333333333333333,0.0,225.38,4,2,2,Potential Loyalists
CUST-2316,313,4,410.91999999999996,2023-01-21,2024-02-16,2.75,0.25,102.73,1,3,1,At Risk
CUST-2317,88,4,1328.31,2023-07-12,2024-09-28,3.75,0.0,332.08,4,3,3,Loyal Customers
CUST-2318,246,4,608.36,2023-11-28,2024-04-23,2.75,0.0,152.09,1,3,2,At Risk
CUST-2319,159,2,644.83,2024-07-09,2024-07-19,4.0,0.0,322.42,3,1,2,Potential Loyalists
CUST-2320,308,2,640.55,2024-01-30,2024-02-21,2.0,0.0,320.27,1,1,2,Dormant
CUST-2321,83,2,840.98,2024-01-10,2024-10-03,3.0,0.0,420.49,4,1,2,Potential Loyalists
CUST-2322,124,2,850.27,2023-12-25,2024-08-23,3.0,0.0,425.14,4,1,2,Potential Loyalists
CUST-2323,96,6,2423.07,2023-08-14,2024-09-20,4.333333333333333,0.16666666666666666,403.84,4,4,4,Champions
CUST-2324,230,4,1387.2800000000002,2023-11-07,2024-05-09,1.75,0.0,346.82,2,3,3,At Risk
CUST-2325,316,1,114.16,2024-02-13,2024-02-13,2.0,0.0,114.16,1,1,1,Dormant
CUST-2326,344,2,555.9,2023-02-06,2024-01-16,2.5,0.0,277.95,1,1,1,Dormant
CUST-2327,183,4,572.75,2023-10-25,2024-06-25,3.75,0.0,143.19,2,3,1,At Risk
CUST-2328,174,5,1748.8600000000001,2023-12-19,2024-07-04,3.8,0.0,349.77,3,3,3,Loyal Customers
CUST-2329,228,2,352.93,2023-11-06,2024-05-11,2.5,0.0,176.46,2,1,1,Dormant
CUST-2330,39,4,1831.87,2023-05-12,2024-11-16,2.75,0.0,457.97,5,3,3,Loyal Customers
CUST-2331,607,1,356.95,2023-04-28,2023-04-28,3.0,0.0,356.95,1,1,1,Dormant
CUST-2332,178,3,1259.99,2023-12-31,2024-06-30,4.0,0.0,420.0,2,2,3,Dormant
CUST-2333,352,3,397.61,2023-05-24,2024-01-08,1.6666666666666667,0.0,132.54,1,2,1,Dormant
CUST-2334,185,2,581.4200000000001,2023-08-18,2024-06-23,3.0,0.0,290.71,2,1,1,Dormant
CUST-2336,214,2,437.78999999999996,2024-04-17,2024-05-25,4.0,0.0,218.9,2,1,1,Dormant
CUST-2337,166,4,372.54999999999995,2023-05-26,2024-07-12,4.0,0.5,93.14,3,3,1,Loyal Customers
CUST-2338,175,3,553.56,2023-08-13,2024-07-03,3.3333333333333335,0.0,184.52,3,2,1,Potential Loyalists
CUST-2339,188,1,374.95,2024-06-20,2024-06-20,4.0,0.0,374.95,2,1,1,Dormant
CUST-2340,61,3,857.44,2024-05-21,2024-10-25,3.6666666666666665,0.0,285.81,5,2,2,Potential Loyalists
CUST-2341,208,3,1188.77,2024-03-30,2024-05-31,2.6666666666666665,0.0,396.26,2,2,3,Dormant
CUST-2342,57,7,2111.77,2023-03-09,2024-10-29,3.5714285714285716,0.14285714285714285,301.68,5,4,4,Champions
CUST-2343,125,5,1266.02,2024-01-25,2024-08-22,4.2,0.0,253.2,4,3,3,Loyal Customers
CUST-2344,209,4,409.26,2023-07-08,2024-05-30,2.5,0.0,102.32,2,3,1,At Risk
CUST-2345,142,2,282.53,2024-07-26,2024-08-05,5.5,0.0,141.26,3,1,1,Potential Loyalists
CUST-2346,367,1,767.0,2023-12-24,2023-12-24,1.0,0.0,767.0,1,1,2,Dormant
CUST-2347,131,3,1091.07,2024-04-06,2024-08-16,2.6666666666666665,0.0,363.69,3,2,2,Potential Loyalists
CUST-2348,396,1,206.52,2023-11-25,2023-11-25,4.0,0.0,206.52,1,1,1,Dormant
CUST-2349,132,8,1923.7099999999998,2023-04-16,2024-08-15,3.375,0.0,240.46,3,4,3,Loyal Customers
CUST-2350,238,8,2089.77,2023-04-17,2024-05-01,3.25,0.0,261.22,2,4,4,At Risk
CUST-2351,166,2,1032.82,2023-10-23,2024-07-12,4.5,0.0,516.41,3,1,2,Potential Loyalists
CUST-2352,132,2,414.12,2023-12-20,2024-08-15,5.0,0.0,207.06,3,1,1,Potential Loyalists
CUST-2353,52,4,1690.3700000000001,2023-09-02,2024-11-03,3.75,0.0,422.59,5,3,3,Loyal Customers
CUST-2354,265,3,1235.13,2023-10-28,2024-04-04,3.0,0.0,411.71,1,2,3,Dormant
CUST-2355,26,7,2646.77,2023-05-29,2024-11-29,3.142857142857143,0.14285714285714285,378.11,5,4,4,Champions
CUST-2356,368,1,54.22,2023-12-23,2023-12-23,4.0,0.0,54.22,1,1,1,Dormant
CUST-2357,213,3,931.99,2024-01-16,2024-05-26,2.6666666666666665,0.0,310.66,2,2,2,Dormant
CUST-2358,157,6,1366.6999999999998,2023-08-21,2024-07-21,3.5,0.0,227.78,3,4,3,Loyal Customers
CUST-2359,176,1,142.31,2024-07-02,2024-07-02,3.0,0.0,142.31,2,1,1,Dormant
CUST-2360,200,6,1430.23,2023-05-31,2024-06-08,2.5,0.0,238.37,2,4,3,At Risk
CUST-2361,257,4,1567.1,2023-07-06,2024-04-12,2.5,0.0,391.78,1,3,3,At Risk
CUST-2362,204,3,690.78,2023-11-11,2024-06-04,3.6666666666666665,0.0,230.26,2,2,2,Dormant
CUST-2363,188,4,1160.1,2023-01-19,2024-06-20,3.75,0.0,290.02,2,3,2,At Risk
CUST-2364,47,3,1537.55,2023-10-10,2024-11-08,3.0,0.0,512.52,5,2,3,Potential Loyalists
CUST-2365,444,2,1244.9,2023-10-06,2023-10-08,1.0,0.0,622.45,1,1,3,Dormant
CUST-2366,100,4,1062.41,2023-10-13,2024-09-16,3.0,0.25,265.6,4,3,2,Loyal Customers
CUST-2367,66,8,3454.48,2023-09-01,2024-10-20,4.625,0.0,431.81,5,4,5,Champions
CUST-2368,72,4,1275.47,2023-08-19,2024-10-14,3.25,0.0,318.87,5,3,3,Loyal Customers
CUST-2369,160,5,2345.83,2024-01-23,2024-07-18,3.25,0.0,469.17,3,3,4,Loyal Customers
CUST-2370,206,7,1715.99,2023-05-15,2024-06-02,4.285714285714286,0.0,245.14,2,4,3,At Risk
CUST-2371,232,3,1433.1,2023-05-10,2024-05-07,3.3333333333333335,0.0,477.7,2,2,3,Dormant
CUST-2372,131,5,1664.29,2023-04-06,2024-08-16,1.8,0.0,332.86,3,3,3,Loyal Customers
CUST-2373,170,5,2383.66,2023-07-05,2024-07-08,2.6,0.0,476.73,3,3,4,Loyal Customers
CUST-2374,126,6,3112.68,2023-03-21,2024-08-21,3.5,0.0,518.78,3,4,4,Loyal Customers
CUST-2375,114,4,574.61,2023-06-17,2024-09-02,2.75,0.0,143.65,4,3,1,Loyal Customers
CUST-2376,127,3,1447.24,2023-11-02,2024-08-20,4.0,0.0,482.41,3,2,3,Potential Loyalists
CUST-2377,356,3,2567.34,2023-07-16,2024-01-04,3.3333333333333335,0.0,855.78,1,2,4,Dormant
CUST-2378,176,3,632.04,2024-03-14,2024-07-02,5.0,0.0,210.68,2,2,2,Dormant
CUST-2379,88,6,1136.58,2023-12-20,2024-09-28,3.8333333333333335,0.0,189.43,4,4,2,Champions
CUST-2380,104,4,775.34,2023-05-31,2024-09-12,3.25,0.25,193.84,4,3,2,Loyal Customers
CUST-2381,212,3,1118.47,2023-09-06,2024-05-27,2.6666666666666665,0.0,372.82,2,2,2,Dormant
CUST-2382,480,1,121.41,2023-09-02,2023-09-02,2.0,0.0,121.41,1,1,1,Dormant
CUST-2383,124,1,113.85,2024-08-23,2024-08-23,5.0,0.0,113.85,4,1,1,Potential Loyalists
CUST-2384,124,10,4058.8199999999997,2023-09-21,2024-08-23,4.3,0.0,405.88,4,5,5,Champions
CUST-2385,146,5,1325.78,2023-03-09,2024-08-01,2.6,0.0,265.16,3,3,3,Loyal Customers
CUST-2386,144,4,1194.6100000000001,2023-04-12,2024-08-03,3.75,0.0,298.65,3,3,3,Loyal Customers
CUST-2387,97,6,1536.21,2023-05-23,2024-09-19,3.3333333333333335,0.0,256.04,4,4,3,Champions
CUST-2388,116,2,159.28,2024-06-20,2024-08-31,3.0,0.0,79.64,4,1,1,Potential Loyalists
CUST-2389,435,1,748.01,2023-10-17,2023-10-17,4.0,0.0,748.01,1,1,2,Dormant
CUST-2390,204,3,1253.37,2023-05-28,2024-06-04,3.0,0.0,417.79,2,2,3,Dormant
CUST-2391,419,1,150.18,2023-11-02,2023-11-02,2.0,0.0,150.18,1,1,1,Dormant
CUST-2392,229,2,290.95,2023-08-25,2024-05-10,2.5,0.0,145.48,2,1,1,Dormant
CUST-2393,247,5,2591.2200000000003,2023-10-04,2024-04-22,2.6,0.0,518.24,1,3,4,At Risk
CUST-2394,276,1,259.47,2024-03-24,2024-03-24,4.0,0.0,259.47,1,1,1,Dormant
CUST-2395,204,3,1386.95,2023-12-20,2024-06-04,2.6666666666666665,0.0,462.32,2,2,3,Dormant
CUST-2396,117,5,991.5799999999999,2023-08-14,2024-08-30,3.6,0.0,198.32,4,3,2,Loyal Customers
CUST-2397,57,3,288.57,2023-09-17,2024-10-29,5.0,0.0,96.19,5,2,1,Potential Loyalists
CUST-2398,80,4,1069.97,2023-08-03,2024-10-06,3.5,0.0,267.49,5,3,2,Loyal Customers
CUST-2399,118,3,1159.5500000000002,2024-04-07,2024-08-29,4.0,0.0,386.52,4,2,2,Potential Loyalists
CUST-2400,165,3,1485.52,2023-09-18,2024-07-13,4.666666666666667,0.0,495.17,3,2,3,Potential Loyalists
CUST-2401,66,6,925.8,2024-05-19,2024-10-20,4.333333333333333,0.0,154.3,5,4,2,Champions
CUST-2402,257,4,911.1700000000001,2023-05-30,2024-04-12,3.3333333333333335,0.0,227.79,1,3,2,At Risk
CUST-2403,94,5,2297.66,2023-06-02,2024-09-22,4.0,0.0,459.53,4,3,4,Loyal Customers
CUST-2404,219,6,3869.62,2023-05-24,2024-05-20,3.2,0.16666666666666666,644.94,2,4,5,At Risk
CUST-2405,116,5,1268.81,2023-04-01,2024-08-31,2.6,0.0,253.76,4,3,3,Loyal Customers
CUST-2406,143,6,2171.27,2023-06-30,2024-08-04,3.5,0.0,361.88,3,4,4,Loyal Customers
CUST-2407,467,1,54.22,2023-09-15,2023-09-15,5.0,0.0,54.22,1,1,1,Dormant
CUST-2408,490,1,562.56,2023-08-23,2023-08-23,4.0,0.0,562.56,1,1,1,Dormant
CUST-2409,216,4,1506.34,2023-09-25,2024-05-23,3.5,0.0,376.58,2,3,3,At Risk
CUST-2410,302,1,268.31,2024-02-27,2024-02-27,2.0,0.0,268.31,1,1,1,Dormant
CUST-2411,131,4,1161.41,2023-12-04,2024-08-16,3.25,0.0,290.35,3,3,2,Loyal Customers
CUST-2412,176,4,514.91,2024-04-08,2024-07-02,3.0,0.0,128.73,2,3,1,At Risk
CUST-2413,209,4,2063.2599999999998,2023-11-13,2024-05-30,4.0,0.0,515.81,2,3,4,At Risk
CUST-2414,47,2,1872.7,2024-07-29,2024-11-08,3.0,0.0,936.35,5,1,3,Potential Loyalists
CUST-2415,189,2,895.5799999999999,2024-05-04,2024-06-19,3.0,0.0,447.79,2,1,2,Dormant
CUST-2416,441,2,163.42000000000002,2023-07-11,2023-10-11,3.0,0.0,81.71,1,1,1,Dormant
CUST-2417,16,3,1237.35,2023-05-31,2024-12-09,3.0,0.0,412.45,5,2,3,Potential Loyalists
CUST-2418,238,2,467.78,2023-06-09,2024-05-01,3.0,0.0,233.89,2,1,1,Dormant
CUST-2419,148,3,933.4699999999999,2023-08-14,2024-07-30,5.0,0.0,311.16,3,2,2,Potential Loyalists
CUST-2420,149,6,1836.12,2023-08-28,2024-07-29,3.6666666666666665,0.16666666666666666,306.02,3,4,3,Loyal Customers
CUST-2421,191,3,1109.88,2023-08-01,2024-06-17,2.6666666666666665,0.0,369.96,2,2,2,Dormant
CUST-2422,223,2,232.79999999999998,2024-02-17,2024-05-16,4.0,0.0,116.4,2,1,1,Dormant
CUST-2423,222,6,2010.05,2023-10-14,2024-05-17,3.0,0.3333333333333333,335.01,2,4,4,At Risk
CUST-2424,100,3,989.4499999999999,2023-10-04,2024-09-16,3.3333333333333335,0.0,329.82,4,2,2,Potential Loyalists
CUST-2425,219,2,509.47,2024-03-08,2024-05-20,3.5,0.0,254.74,2,1,1,Dormant
CUST-2426,73,7,3725.54,2023-09-21,2024-10-13,3.4285714285714284,0.0,532.22,5,4,5,Champions
CUST-2427,69,5,906.51,2023-05-04,2024-10-17,2.8,0.0,181.3,5,3,2,Loyal Customers
CUST-2428,145,4,1303.13,2023-07-23,2024-08-02,3.0,0.25,325.78,3,3,3,Loyal Customers
CUST-2429,156,4,901.11,2023-07-04,2024-07-22,3.25,0.0,225.28,3,3,2,Loyal Customers
CUST-2430,164,2,1845.27,2024-02-13,2024-07-14,4.0,0.0,922.64,3,1,3,Potential Loyalists
CUST-2431,261,2,402.27,2023-09-11,2024-04-08,2.5,0.0,201.14,1,1,1,Dormant
CUST-2432,199,4,1167.8600000000001,2023-04-08,2024-06-09,3.25,0.0,291.97,2,3,2,At Risk
CUST-2433,88,2,584.55,2024-05-01,2024-09-28,3.0,0.0,292.27,4,1,1,Potential Loyalists
CUST-2434,36,3,3213.61,2023-05-15,2024-11-19,4.0,0.0,1071.2,5,2,5,Potential Loyalists
CUST-2435,12,2,626.59,2023-01-09,2024-12-13,3.0,0.0,313.3,5,1,2,Potential Loyalists
CUST-2436,105,6,3453.71,2023-06-20,2024-09-11,3.6666666666666665,0.0,575.62,4,4,5,Champions
CUST-2437,154,4,1342.3600000000001,2023-05-27,2024-07-24,3.6666666666666665,0.25,335.59,3,3,3,Loyal Customers
CUST-2438,106,3,308.55,2023-08-15,2024-09-10,3.0,0.0,102.85,4,2,1,Potential Loyalists
CUST-2439,342,1,416.61,2024-01-18,2024-01-18,4.0,0.0,416.61,1,1,1,Dormant
CUST-2440,309,6,2721.79,2023-04-19,2024-02-20,3.3333333333333335,0.16666666666666666,453.63,1,4,4,At Risk
CUST-2441,461,2,45.59,2023-09-16,2023-09-21,3.0,0.0,22.8,1,1,1,Dormant
CUST-2442,129,2,163.74,2023-06-24,2024-08-18,3.5,0.5,81.87,3,1,1,Potential Loyalists
CUST-2443,189,4,520.88,2024-04-15,2024-06-19,3.5,0.0,130.22,2,3,1,At Risk
CUST-2444,297,5,1041.13,2023-07-17,2024-03-03,3.2,0.0,208.23,1,3,2,At Risk
CUST-2445,162,2,804.79,2023-12-09,2024-07-16,2.0,0.5,402.4,3,1,2,Potential Loyalists
CUST-2446,80,6,2251.82,2023-12-08,2024-10-06,4.333333333333333,0.0,375.3,5,4,4,Champions
CUST-2447,149,3,1075.87,2023-12-22,2024-07-29,3.3333333333333335,0.0,358.62,3,2,2,Potential Loyalists
CUST-2448,145,4,882.04,2023-12-22,2024-08-02,2.25,0.0,220.51,3,3,2,Loyal Customers
CUST-2449,212,3,299.96,2023-05-14,2024-05-27,3.3333333333333335,0.0,99.99,2,2,1,Dormant
CUST-2450,146,3,1438.02,2023-10-19,2024-08-01,3.0,0.0,479.34,3,2,3,Potential Loyalists
CUST-2451,164,3,956.25,2024-04-28,2024-07-14,4.0,0.3333333333333333,318.75,3,2,2,Potential Loyalists
CUST-2452,381,3,564.8000000000001,2023-11-12,2023-12-10,4.666666666666667,0.0,188.27,1,2,1,Dormant
CUST-2453,201,3,963.97,2024-03-18,2024-06-07,2.5,0.0,321.32,2,2,2,Dormant
CUST-2454,225,2,797.0899999999999,2024-03-18,2024-05-14,3.0,0.5,398.54,2,1,2,Dormant
CUST-2455,182,5,1521.8,2023-11-17,2024-06-26,2.6,0.0,304.36,2,3,3,At Risk
CUST-2457,408,3,529.9300000000001,2023-05-11,2023-11-13,3.0,0.0,176.64,1,2,1,Dormant
CUST-2458,408,2,199.15,2023-07-27,2023-11-13,3.0,0.0,99.58,1,1,1,Dormant
CUST-2459,306,2,344.13,2023-07-05,2024-02-23,4.0,0.0,172.06,1,1,1,Dormant
CUST-2460,159,2,177.07,2023-07-11,2024-07-19,2.0,0.0,88.54,3,1,1,Potential Loyalists
CUST-2462,214,4,2386.0299999999997,2023-07-16,2024-05-25,2.75,0.0,596.51,2,3,4,At Risk
CUST-2463,187,3,799.3299999999999,2023-07-26,2024-06-21,4.666666666666667,0.0,266.44,2,2,2,Dormant
CUST-2464,217,4,617.6899999999999,2024-01-23,2024-05-22,4.0,0.25,154.42,2,3,2,At Risk
CUST-2465,420,2,290.79,2023-06-06,2023-11-01,2.0,0.0,145.4,1,1,1,Dormant
CUST-2466,162,2,386.62,2024-04-09,2024-07-16,3.5,0.0,193.31,3,1,1,Potential Loyalists
CUST-2467,112,2,467.78,2023-11-13,2024-09-04,3.0,0.0,233.89,4,1,1,Potential Loyalists
CUST-2468,130,3,2415.75,2024-01-27,2024-08-17,2.5,0.0,805.25,3,2,4,Potential Loyalists
CUST-2469,476,1,600.24,2023-09-06,2023-09-06,2.0,0.0,600.24,1,1,1,Dormant
CUST-2470,172,4,1189.47,2023-09-07,2024-07-06,4.0,0.0,297.37,3,3,3,Loyal Customers
CUST-2471,138,5,2252.19,2023-10-10,2024-08-09,3.8,0.0,450.44,3,3,4,Loyal Customers
CUST-2472,366,2,267.56,2023-08-28,2023-12-25,2.0,0.0,133.78,1,1,1,Dormant
CUST-2474,265,2,269.67,2023-06-20,2024-04-04,3.0,0.0,134.84,1,1,1,Dormant
CUST-2475,228,2,916.5,2023-12-10,2024-05-11,2.0,0.0,458.25,2,1,2,Dormant
CUST-2476,199,3,1051.92,2023-08-13,2024-06-09,4.333333333333333,0.0,350.64,2,2,2,Dormant
CUST-2477,145,1,54.46,2024-08-02,2024-08-02,2.0,0.0,54.46,3,1,1,Potential Loyalists
CUST-2478,113,5,1706.9099999999999,2023-06-06,2024-09-03,3.0,0.0,341.38,4,3,3,Loyal Customers
CUST-2480,232,3,835.5699999999999,2023-11-14,2024-05-07,2.6666666666666665,0.0,278.52,2,2,2,Dormant
CUST-2481,375,3,268.88,2023-02-05,2023-12-16,3.0,0.0,89.63,1,2,1,Dormant
CUST-2482,227,5,678.53,2023-05-17,2024-05-12,3.6,0.0,135.71,2,3,2,At Risk
CUST-2483,123,4,1293.72,2024-03-22,2024-08-24,4.0,0.25,323.43,4,3,3,Loyal Customers
CUST-2484,148,4,1874.0900000000001,2023-08-04,2024-07-30,4.25,0.0,468.52,3,3,3,Loyal Customers
CUST-2485,35,2,1684.3700000000001,2024-03-05,2024-11-20,3.5,0.0,842.18,5,1,3,Potential Loyalists
CUST-2486,195,5,1018.36,2023-06-14,2024-06-13,3.6,0.2,203.67,2,3,2,At Risk
CUST-2487,322,1,142.92,2024-02-07,2024-02-07,5.0,0.0,142.92,1,1,1,Dormant
CUST-2488,69,2,196.76,2023-07-16,2024-10-17,4.0,0.0,98.38,5,1,1,Potential Loyalists
CUST-2489,73,4,1484.03,2023-11-08,2024-10-13,4.0,0.0,371.01,5,3,3,Loyal Customers
CUST-2490,131,1,229.86,2024-08-16,2024-08-16,3.0,0.0,229.86,3,1,1,Potential Loyalists
CUST-2491,244,6,2404.18,2023-04-18,2024-04-25,3.8,0.0,400.7,1,4,4,At Risk
CUST-2492,340,2,476.51,2024-01-17,2024-01-20,4.0,0.0,238.26,1,1,1,Dormant
CUST-2493,242,4,310.03999999999996,2023-07-30,2024-04-27,2.75,0.25,77.51,1,3,1,At Risk
CUST-2494,173,2,102.84,2024-03-02,2024-07-05,3.5,0.5,51.42,3,1,1,Potential Loyalists
CUST-2495,367,2,842.19,2023-10-24,2023-12-24,4.0,0.0,421.1,1,1,2,Dormant
CUST-2496,453,3,590.72,2023-09-07,2023-09-29,3.0,0.0,196.91,1,2,1,Dormant
CUST-2497,194,3,1067.9099999999999,2023-12-12,2024-06-14,3.0,0.0,355.97,2,2,2,Dormant
CUST-2499,64,2,627.06,2024-06-13,2024-10-22,3.5,0.5,313.53,5,1,2,Potential Loyalists
CUST-2500,41,2,459.83,2023-08-27,2024-11-14,5.0,0.0,229.92,5,1,1,Potential Loyalists
CUST-2501,225,1,114.37,2024-05-14,2024-05-14,2.0,0.0,114.37,2,1,1,Dormant
CUST-2502,339,2,1009.55,2023-12-31,2024-01-21,4.0,0.0,504.78,1,1,2,Dormant
CUST-2503,52,5,1418.36,2023-05-08,2024-11-03,3.0,0.0,283.67,5,3,3,Loyal Customers
CUST-2504,63,4,785.6,2024-03-31,2024-10-23,3.25,0.0,196.4,5,3,2,Loyal Customers
CUST-2505,110,6,1661.58,2023-07-16,2024-09-06,3.6666666666666665,0.0,276.93,4,4,3,Champions
CUST-2506,272,1,259.47,2024-03-28,2024-03-28,3.0,0.0,259.47,1,1,1,Dormant
CUST-2507,441,2,1736.46,2023-06-16,2023-10-11,4.5,0.0,868.23,1,1,3,Dormant
CUST-2508,245,4,768.5999999999999,2023-08-21,2024-04-24,4.25,0.0,192.15,1,3,2,At Risk
CUST-2509,92,4,1495.1100000000001,2023-10-03,2024-09-24,3.0,0.0,373.78,4,3,3,Loyal Customers
CUST-2510,186,2,607.4,2024-03-07,2024-06-22,2.5,0.0,303.7,2,1,2,Dormant
CUST-2511,235,2,330.07,2024-01-18,2024-05-04,3.5,0.0,165.04,2,1,1,Dormant
CUST-2512,277,5,2087.92,2023-05-31,2024-03-23,2.4,0.2,417.58,1,3,4,At Risk
CUST-2514,170,3,816.64,2023-04-26,2024-07-08,3.6666666666666665,0.0,272.21,3,2,2,Potential Loyalists
CUST-2515,114,8,2879.5699999999997,2023-03-11,2024-09-02,2.75,0.125,359.95,4,4,4,Champions
CUST-2516,267,2,483.88,2023-06-01,2024-04-02,3.5,0.0,241.94,1,1,1,Dormant
CUST-2517,410,3,2481.87,2023-02-20,2023-11-11,3.6666666666666665,0.0,827.29,1,2,4,Dormant
CUST-2518,386,2,938.25,2023-10-29,2023-12-05,2.0,0.0,469.12,1,1,2,Dormant
CUST-2519,79,5,1438.73,2023-02-18,2024-10-07,3.6,0.0,287.75,5,3,3,Loyal Customers
CUST-2520,177,3,944.8,2023-12-11,2024-07-01,4.333333333333333,0.3333333333333333,314.93,2,2,2,Dormant
CUST-2521,192,2,1195.24,2024-03-05,2024-06-16,2.0,0.0,597.62,2,1,3,Dormant
CUST-2522,114,5,2660.5,2023-06-20,2024-09-02,4.6,0.0,532.1,4,3,4,Loyal Customers
CUST-2523,156,5,2505.56,2023-09-13,2024-07-22,4.0,0.2,501.11,3,3,4,Loyal Customers
CUST-2524,108,2,935.9599999999999,2024-05-10,2024-09-08,3.0,0.5,467.98,4,1,2,Potential Loyalists
CUST-2525,379,2,557.36,2023-11-24,2023-12-12,3.5,0.0,278.68,1,1,1,Dormant
CUST-2526,69,4,795.49,2023-07-04,2024-10-17,2.75,0.0,198.87,5,3,2,Loyal Customers
CUST-2527,248,5,2048.9,2023-05-20,2024-04-21,4.6,0.0,409.78,1,3,4,At Risk
CUST-2528,238,4,1145.44,2023-07-21,2024-05-01,3.25,0.0,286.36,2,3,2,At Risk
CUST-2529,86,2,1226.63,2023-06-20,2024-09-30,5.5,0.0,613.32,4,1,3,Potential Loyalists
CUST-2530,273,6,1406.8500000000001,2023-06-07,2024-03-27,3.0,0.0,234.48,1,4,3,At Risk
CUST-2531,176,2,671.6700000000001,2024-04-25,2024-07-02,5.0,0.0,335.84,2,1,2,Dormant
CUST-2532,72,5,3245.77,2023-06-06,2024-10-14,3.6,0.0,649.15,5,3,5,Loyal Customers
CUST-2533,236,3,1783.92,2023-11-05,2024-05-03,3.0,0.0,594.64,2,2,3,Dormant
CUST-2534,120,5,1368.3899999999999,2023-09-16,2024-08-27,3.6,0.0,273.68,4,3,3,Loyal Customers
CUST-2535,72,4,2387.3,2023-12-23,2024-10-14,3.5,0.0,596.83,5,3,4,Loyal Customers
CUST-2536,76,2,202.32,2024-05-20,2024-10-10,4.0,0.0,101.16,5,1,1,Potential Loyalists
CUST-2537,260,5,1072.4,2023-06-23,2024-04-09,4.2,0.0,214.48,1,3,2,At Risk
CUST-2538,131,7,3096.07,2023-06-12,2024-08-16,3.142857142857143,0.0,442.3,3,4,4,Loyal Customers
CUST-2540,144,5,934.4,2023-05-09,2024-08-03,3.6,0.2,186.88,3,3,2,Loyal Customers
CUST-2541,204,1,204.35,2024-06-04,2024-06-04,3.0,0.0,204.35,2,1,1,Dormant
CUST-2543,229,6,2631.3199999999997,2023-08-12,2024-05-10,3.0,0.0,438.55,2,4,4,At Risk
CUST-2544,247,1,427.61,2024-04-22,2024-04-22,2.0,0.0,427.61,1,1,1,Dormant
CUST-2545,57,7,1067.19,2023-08-01,2024-10-29,3.0,0.14285714285714285,152.46,5,4,2,Champions
CUST-2546,118,5,2140.91,2023-04-17,2024-08-29,3.25,0.2,428.18,4,3,4,Loyal Customers
CUST-2547,207,5,1697.82,2024-02-16,2024-06-01,3.0,0.0,339.56,2,3,3,At Risk
CUST-2548,36,4,580.26,2023-09-01,2024-11-19,4.0,0.0,145.06,5,3,1,Loyal Customers
CUST-2549,58,7,1041.73,2023-08-10,2024-10-28,3.4285714285714284,0.14285714285714285,148.82,5,4,2,Champions
CUST-2550,81,6,2526.21,2023-12-07,2024-10-05,2.4,0.16666666666666666,421.04,5,4,4,Champions
CUST-2551,234,2,438.89,2024-04-16,2024-05-05,3.0,0.0,219.44,2,1,1,Dormant
CUST-2552,257,6,826.41,2023-05-15,2024-04-12,3.3333333333333335,0.0,137.73,1,4,2,At Risk
CUST-2553,237,2,1306.6399999999999,2023-06-10,2024-05-02,2.0,0.0,653.32,2,1,3,Dormant
CUST-2554,94,4,834.68,2023-10-30,2024-09-22,4.25,0.0,208.67,4,3,2,Loyal Customers
CUST-2555,166,3,564.6,2023-04-19,2024-07-12,4.666666666666667,0.0,188.2,3,2,1,Potential Loyalists
CUST-2556,122,4,1082.95,2023-11-11,2024-08-25,4.5,0.0,270.74,4,3,2,Loyal Customers
CUST-2557,311,4,1011.87,2024-01-08,2024-02-18,3.0,0.0,252.97,1,3,2,At Risk
CUST-2558,37,6,1642.76,2023-06-18,2024-11-18,3.3333333333333335,0.0,273.79,5,4,3,Champions
CUST-2559,122,4,1880.63,2023-08-11,2024-08-25,3.75,0.0,470.16,4,3,3,Loyal Customers
CUST-2560,440,1,804.44,2023-10-12,2023-10-12,5.0,0.0,804.44,1,1,2,Dormant
CUST-2561,173,4,728.33,2023-09-12,2024-07-05,3.3333333333333335,0.0,182.08,3,3,2,Loyal Customers
CUST-2562,160,4,842.89,2023-10-10,2024-07-18,3.75,0.0,210.72,3,3,2,Loyal Customers
CUST-2563,241,6,1308.64,2023-03-19,2024-04-28,2.5,0.0,218.11,1,4,3,At Risk
CUST-2564,113,4,640.12,2024-02-26,2024-09-03,3.5,0.0,160.03,4,3,2,Loyal Customers
CUST-2565,164,2,1591.87,2023-08-01,2024-07-14,3.5,0.0,795.94,3,1,3,Potential Loyalists
CUST-2566,305,2,205.34,2024-01-20,2024-02-24,2.0,0.0,102.67,1,1,1,Dormant
CUST-2567,122,2,1835.1200000000001,2023-09-29,2024-08-25,3.5,0.0,917.56,4,1,3,Potential Loyalists
CUST-2568,506,1,75.69,2023-08-07,2023-08-07,2.0,0.0,75.69,1,1,1,Dormant
CUST-2569,173,2,529.76,2024-01-07,2024-07-05,3.5,0.0,264.88,3,1,1,Potential Loyalists
CUST-2570,364,3,897.4,2023-12-12,2023-12-27,3.5,0.0,299.13,1,2,2,Dormant
CUST-2571,316,2,1605.34,2023-05-30,2024-02-13,2.5,0.0,802.67,1,1,3,Dormant
CUST-2572,154,3,721.23,2024-01-24,2024-07-24,2.6666666666666665,0.3333333333333333,240.41,3,2,2,Potential Loyalists
CUST-2573,235,2,762.8100000000001,2024-04-21,2024-05-04,3.0,0.0,381.4,2,1,2,Dormant
CUST-2574,102,2,406.01,2023-04-26,2024-09-14,5.0,0.0,203.0,4,1,1,Potential Loyalists
CUST-2575,155,7,2742.37,2023-03-28,2024-07-23,3.5,0.0,391.77,3,4,4,Loyal Customers
CUST-2576,67,7,1944.87,2024-02-18,2024-10-19,2.5714285714285716,0.14285714285714285,277.84,5,4,3,Champions
CUST-2577,100,1,645.62,2024-09-16,2024-09-16,3.0,0.0,645.62,4,1,2,Potential Loyalists
CUST-2578,497,1,101.06,2023-08-16,2023-08-16,2.0,0.0,101.06,1,1,1,Dormant
CUST-2579,102,3,1742.87,2023-07-04,2024-09-14,3.0,0.0,580.96,4,2,3,Potential Loyalists
CUST-2580,182,6,1589.77,2023-08-30,2024-06-26,2.8,0.0,264.96,2,4,3,At Risk
CUST-2581,178,1,101.53,2024-06-30,2024-06-30,4.0,1.0,101.53,2,1,1,Dormant
CUST-2582,170,2,114.22999999999999,2023-10-15,2024-07-08,3.5,0.0,57.11,3,1,1,Potential Loyalists
CUST-2583,105,3,2548.89,2024-03-13,2024-09-11,2.3333333333333335,0.0,849.63,4,2,4,Potential Loyalists
CUST-2584,344,1,139.52,2024-01-16,2024-01-16,4.0,0.0,139.52,1,1,1,Dormant
CUST-2585,243,3,1349.22,2023-11-21,2024-04-26,5.0,0.0,449.74,1,2,3,Dormant
CUST-2586,264,4,817.38,2023-11-13,2024-04-05,4.0,0.0,204.34,1,3,2,At Risk
CUST-2587,26,8,2894.3,2023-03-14,2024-11-29,3.5,0.25,361.79,5,4,4,Champions
CUST-2588,269,2,353.57,2023-03-04,2024-03-31,3.5,0.0,176.78,1,1,1,Dormant
CUST-2590,150,3,929.01,2023-07-06,2024-07-28,2.3333333333333335,0.0,309.67,3,2,2,Potential Loyalists
CUST-2591,225,6,1046.79,2023-06-10,2024-05-14,3.8333333333333335,0.0,174.46,2,4,2,At Risk
CUST-2592,176,5,1378.13,2023-09-23,2024-07-02,3.0,0.0,275.63,2,3,3,At Risk
CUST-2593,44,3,515.4399999999999,2023-02-13,2024-11-11,2.5,0.0,171.81,5,2,1,Potential Loyalists
CUST-2594,63,5,3286.19,2023-10-16,2024-10-23,3.2,0.0,657.24,5,3,5,Loyal Customers
CUST-2595,178,3,1218.97,2024-04-01,2024-06-30,3.6666666666666665,0.0,406.32,2,2,3,Dormant
CUST-2596,191,3,731.23,2024-01-17,2024-06-17,3.6666666666666665,0.0,243.74,2,2,2,Dormant
CUST-2597,109,3,1243.17,2023-12-26,2024-09-07,3.0,0.0,414.39,4,2,3,Potential Loyalists
CUST-2598,188,2,411.71,2023-12-12,2024-06-20,2.0,0.0,205.86,2,1,1,Dormant
CUST-2599,122,4,1618.12,2023-07-27,2024-08-25,2.25,0.0,404.53,4,3,3,Loyal Customers
CUST-2600,116,3,485.15,2023-08-04,2024-08-31,2.6666666666666665,0.0,161.72,4,2,1,Potential Loyalists
CUST-2601,122,2,1239.59,2023-06-09,2024-08-25,2.0,0.0,619.79,4,1,3,Potential Loyalists
CUST-2602,254,3,648.43,2024-01-09,2024-04-15,3.6666666666666665,0.0,216.14,1,2,2,Dormant
CUST-2603,88,5,960.26,2023-07-17,2024-09-28,4.0,0.0,192.05,4,3,2,Loyal Customers
CUST-2604,52,2,1467.41,2024-05-04,2024-11-03,4.0,0.0,733.7,5,1,3,Potential Loyalists
CUST-2605,111,8,2923.9,2023-08-11,2024-09-05,4.25,0.0,365.49,4,4,4,Champions
CUST-2606,75,4,596.16,2023-05-10,2024-10-11,4.5,0.5,149.04,5,3,1,Loyal Customers
CUST-2607,125,4,1721.3400000000001,2023-12-09,2024-08-22,5.5,0.25,430.34,4,3,3,Loyal Customers
CUST-2608,362,2,608.0699999999999,2023-05-08,2023-12-29,3.0,0.0,304.03,1,1,2,Dormant
CUST-2609,289,1,277.62,2024-03-11,2024-03-11,3.0,0.0,277.62,1,1,1,Dormant
CUST-2610,130,4,831.09,2024-02-26,2024-08-17,3.75,0.0,207.77,3,3,2,Loyal Customers
CUST-2611,85,5,1979.9,2023-06-11,2024-10-01,4.0,0.0,395.98,4,3,4,Loyal Customers
CUST-2612,550,1,46.4,2023-06-24,2023-06-24,2.0,0.0,46.4,1,1,1,Dormant
CUST-2613,275,3,881.4300000000001,2023-09-27,2024-03-25,3.6666666666666665,0.0,293.81,1,2,2,Dormant
CUST-2614,195,9,1928.06,2023-03-04,2024-06-13,3.888888888888889,0.0,214.23,2,5,3,At Risk
CUST-2615,107,5,1270.18,2023-08-19,2024-09-09,4.2,0.0,254.04,4,3,3,Loyal Customers
CUST-2616,286,2,354.40999999999997,2024-01-14,2024-03-14,2.0,0.0,177.2,1,1,1,Dormant
CUST-2617,134,5,1087.39,2023-04-21,2024-08-13,4.8,0.2,217.48,3,3,2,Loyal Customers
CUST-2618,303,2,336.95,2023-12-01,2024-02-26,3.0,0.0,168.48,1,1,1,Dormant
CUST-2619,134,5,1261.7,2024-01-30,2024-08-13,3.8,0.0,252.34,3,3,3,Loyal Customers
CUST-2620,253,3,1073.38,2023-04-26,2024-04-16,3.3333333333333335,0.0,357.79,1,2,2,Dormant
CUST-2621,373,1,161.88,2023-12-18,2023-12-18,6.0,0.0,161.88,1,1,1,Dormant
CUST-2622,136,4,1427.35,2023-06-07,2024-08-11,2.75,0.25,356.84,3,3,3,Loyal Customers
CUST-2623,92,6,1738.92,2023-04-19,2024-09-24,3.8333333333333335,0.0,289.82,4,4,3,Champions
CUST-2624,59,6,3373.0699999999997,2023-06-02,2024-10-27,2.8333333333333335,0.16666666666666666,562.18,5,4,5,Champions
CUST-2625,164,7,1891.27,2023-08-13,2024-07-14,4.0,0.0,270.18,3,4,3,Loyal Customers
CUST-2626,94,3,601.49,2023-11-01,2024-09-22,3.3333333333333335,0.3333333333333333,200.5,4,2,1,Potential Loyalists
CUST-2627,50,9,3905.87,2023-07-23,2024-11-05,3.7777777777777777,0.1111111111111111,433.99,5,5,5,Champions
CUST-2628,123,3,1054.08,2023-08-10,2024-08-24,4.5,0.0,351.36,4,2,2,Potential Loyalists
CUST-2629,219,1,380.88,2024-05-20,2024-05-20,4.0,0.0,380.88,2,1,1,Dormant
CUST-2631,143,4,1776.1299999999999,2023-08-07,2024-08-04,3.5,0.0,444.03,3,3,3,Loyal Customers
CUST-2632,237,4,1004.8699999999999,2023-04-12,2024-05-02,3.75,0.0,251.22,2,3,2,At Risk
CUST-2633,453,4,457.0,2023-02-27,2023-09-29,4.25,0.0,114.25,1,3,1,At Risk
CUST-2634,215,3,754.62,2023-11-18,2024-05-24,2.0,0.0,251.54,2,2,2,Dormant
CUST-2635,221,2,831.69,2024-03-03,2024-05-18,2.0,0.0,415.84,2,1,2,Dormant
CUST-2636,35,4,1012.9,2024-02-07,2024-11-20,3.0,0.0,253.22,5,3,2,Loyal Customers
CUST-2637,200,3,1833.48,2024-05-06,2024-06-08,5.0,0.0,611.16,2,2,3,Dormant
CUST-2638,78,5,2979.5,2024-05-25,2024-10-08,2.0,0.0,595.9,5,3,4,Loyal Customers
CUST-2639,310,2,1117.78,2023-09-16,2024-02-19,2.0,0.0,558.89,1,1,2,Dormant
CUST-2640,85,6,1593.53,2023-03-22,2024-10-01,4.5,0.0,265.59,4,4,3,Champions
CUST-2642,309,3,428.66999999999996,2024-01-21,2024-02-20,3.3333333333333335,0.0,142.89,1,2,1,Dormant
CUST-2643,286,3,700.22,2023-10-29,2024-03-14,4.0,0.0,233.41,1,2,2,Dormant
CUST-2644,29,3,838.29,2024-04-27,2024-11-26,4.0,0.0,279.43,5,2,2,Potential Loyalists
CUST-2645,223,1,380.1,2024-05-16,2024-05-16,2.0,0.0,380.1,2,1,1,Dormant
CUST-2648,220,3,577.06,2023-10-22,2024-05-19,5.333333333333333,0.0,192.35,2,2,1,Dormant
CUST-2649,21,3,1820.3400000000001,2023-08-23,2024-12-04,4.333333333333333,0.0,606.78,5,2,3,Potential Loyalists
CUST-2650,177,1,424.74,2024-07-01,2024-07-01,4.0,0.0,424.74,2,1,1,Dormant
CUST-2651,265,3,727.5699999999999,2023-12-05,2024-04-04,3.6666666666666665,0.0,242.52,1,2,2,Dormant
CUST-2652,221,5,1716.55,2023-07-01,2024-05-18,3.4,0.4,343.31,2,3,3,At Risk
CUST-2653,257,2,865.0699999999999,2023-12-09,2024-04-12,4.0,0.0,432.54,1,1,2,Dormant
CUST-2654,193,8,2863.24,2023-04-29,2024-06-15,4.25,0.125,357.9,2,4,4,At Risk
CUST-2655,62,3,1592.6200000000001,2024-01-03,2024-10-24,3.3333333333333335,0.3333333333333333,530.87,5,2,3,Potential Loyalists
CUST-2656,48,1,328.85,2024-11-07,2024-11-07,5.0,0.0,328.85,5,1,1,Potential Loyalists
CUST-2657,182,5,4319.95,2023-02-16,2024-06-26,3.4,0.0,863.99,2,3,5,At Risk
CUST-2658,136,7,2905.0,2023-04-09,2024-08-11,3.857142857142857,0.0,415.0,3,4,4,Loyal Customers
CUST-2659,130,6,824.6700000000001,2024-01-28,2024-08-17,5.333333333333333,0.0,137.45,3,4,2,Loyal Customers
CUST-2660,172,3,872.1199999999999,2024-01-26,2024-07-06,4.666666666666667,0.0,290.71,3,2,2,Potential Loyalists
CUST-2662,222,4,1702.94,2023-08-18,2024-05-17,3.75,0.0,425.74,2,3,3,At Risk
CUST-2663,314,3,707.21,2023-09-22,2024-02-15,2.3333333333333335,0.0,235.74,1,2,2,Dormant
CUST-2664,27,5,528.1,2023-11-03,2024-11-28,3.2,0.4,105.62,5,3,1,Loyal Customers
CUST-2665,227,4,1582.25,2023-07-01,2024-05-12,4.0,0.0,395.56,2,3,3,At Risk
CUST-2666,82,5,1009.83,2023-05-05,2024-10-04,4.0,0.0,201.97,4,3,2,Loyal Customers
CUST-2667,165,3,408.49,2024-04-02,2024-07-13,4.666666666666667,0.3333333333333333,136.16,3,2,1,Potential Loyalists
CUST-2668,415,1,686.04,2023-11-06,2023-11-06,2.0,0.0,686.04,1,1,2,Dormant
CUST-2669,3,7,2194.71,2023-05-19,2024-12-22,4.142857142857143,0.0,313.53,5,4,4,Champions
CUST-2670,130,6,2389.29,2023-09-16,2024-08-17,4.333333333333333,0.0,398.22,3,4,4,Loyal Customers
CUST-2671,202,5,1738.55,2023-12-15,2024-06-06,3.4,0.0,347.71,2,3,3,At Risk
CUST-2672,216,6,2538.62,2023-07-27,2024-05-23,4.166666666666667,0.16666666666666666,423.1,2,4,4,At Risk
CUST-2673,186,6,1674.6399999999999,2023-09-05,2024-06-22,3.3333333333333335,0.0,279.11,2,4,3,At Risk
CUST-2674,79,6,1069.46,2023-12-21,2024-10-07,3.8333333333333335,0.0,178.24,5,4,2,Champions
CUST-2675,215,7,1647.18,2023-03-11,2024-05-24,4.142857142857143,0.14285714285714285,235.31,2,4,3,At Risk
CUST-2676,216,4,1656.75,2024-01-28,2024-05-23,2.5,0.0,414.19,2,3,3,At Risk
CUST-2677,186,3,936.85,2024-04-08,2024-06-22,4.0,0.0,312.28,2,2,2,Dormant
CUST-2678,250,4,644.6,2023-03-23,2024-04-19,4.25,0.0,161.15,1,3,2,At Risk
CUST-2679,73,4,1360.53,2023-10-13,2024-10-13,3.0,0.25,340.13,5,3,3,Loyal Customers
CUST-2680,343,2,293.19,2023-12-11,2024-01-17,2.5,0.0,146.6,1,2,1,Dormant
CUST-2681,248,2,156.79000000000002,2024-03-17,2024-04-21,3.5,0.0,78.4,1,2,1,Dormant
CUST-2682,92,4,1413.83,2024-04-22,2024-09-24,3.75,0.0,353.46,4,3,3,Loyal Customers
CUST-2683,297,2,152.7,2023-01-22,2024-03-03,3.5,0.0,76.35,1,2,1,Dormant
CUST-2684,187,3,393.52,2023-08-21,2024-06-21,4.0,0.0,131.17,2,2,1,Dormant
CUST-2685,237,1,302.76,2024-05-02,2024-05-02,5.0,0.0,302.76,2,1,1,Dormant
CUST-2686,55,4,884.95,2024-02-19,2024-10-31,3.0,0.0,221.24,5,3,2,Loyal Customers
CUST-2687,138,3,353.26,2023-11-23,2024-08-09,3.3333333333333335,0.0,117.75,3,2,1,Potential Loyalists
CUST-2688,38,4,1535.98,2023-11-12,2024-11-17,3.75,0.0,384.0,5,3,3,Loyal Customers
CUST-2689,145,5,533.34,2023-09-09,2024-08-02,3.4,0.0,106.67,3,3,1,Loyal Customers
CUST-2690,240,5,825.4000000000001,2023-09-08,2024-04-29,1.8,0.0,165.08,2,3,2,At Risk
CUST-2691,156,3,1264.56,2024-03-01,2024-07-22,4.0,0.0,421.52,3,2,3,Potential Loyalists
CUST-2692,124,8,2308.3199999999997,2023-09-11,2024-08-23,4.375,0.125,288.54,4,4,4,Champions
CUST-2693,227,3,1415.56,2024-02-20,2024-05-12,2.3333333333333335,0.0,471.85,2,2,3,Dormant
CUST-2694,174,6,1475.68,2023-10-01,2024-07-04,3.1666666666666665,0.16666666666666666,245.95,3,4,3,Loyal Customers
CUST-2695,84,4,2369.35,2023-10-07,2024-10-02,2.5,0.0,592.34,4,3,4,Loyal Customers
CUST-2696,65,3,1190.1,2023-09-05,2024-10-21,2.6666666666666665,0.0,396.7,5,2,3,Potential Loyalists
CUST-2697,272,2,1693.1100000000001,2024-03-20,2024-03-28,4.0,0.0,846.56,1,2,3,Dormant
CUST-2698,278,3,748.5999999999999,2023-07-16,2024-03-22,3.3333333333333335,0.0,249.53,1,2,2,Dormant
CUST-2699,167,3,691.37,2024-03-25,2024-07-11,2.6666666666666665,0.3333333333333333,230.46,3,2,2,Potential Loyalists
CUST-2700,152,5,2012.8899999999999,2024-01-25,2024-07-26,3.4,0.0,402.58,3,3,4,Loyal Customers
CUST-2702,199,5,1696.99,2023-09-14,2024-06-09,3.2,0.2,339.4,2,3,3,At Risk
CUST-2703,60,1,137.06,2024-10-26,2024-10-26,2.0,0.0,137.06,5,1,1,Potential Loyalists
CUST-2704,138,5,2615.91,2023-05-04,2024-08-09,4.6,0.2,523.18,3,3,4,Loyal Customers
CUST-2705,125,6,1953.1,2023-01-21,2024-08-22,3.5,0.0,325.52,4,4,3,Champions
CUST-2706,78,3,621.9300000000001,2023-09-14,2024-10-08,3.0,0.3333333333333333,207.31,5,2,2,Potential Loyalists
CUST-2707,192,4,1537.5099999999998,2023-11-26,2024-06-16,3.25,0.0,384.38,2,3,3,At Risk
CUST-2708,227,1,284.62,2024-05-12,2024-05-12,5.0,1.0,284.62,2,1,1,Dormant
CUST-2709,195,1,434.21,2024-06-13,2024-06-13,3.0,0.0,434.21,2,1,1,Dormant
CUST-2710,78,5,1524.44,2023-03-09,2024-10-08,2.0,0.0,304.89,5,3,3,Loyal Customers
CUST-2711,304,1,105.39,2024-02-25,2024-02-25,3.0,0.0,105.39,1,1,1,Dormant
CUST-2712,140,1,142.92,2024-08-07,2024-08-07,4.0,0.0,142.92,3,1,1,Potential Loyalists
CUST-2713,153,2,1223.6399999999999,2023-09-06,2024-07-25,3.0,0.0,611.82,3,2,3,Potential Loyalists
CUST-2714,321,2,1040.67,2024-01-07,2024-02-08,3.0,0.0,520.34,1,2,2,Dormant
CUST-2715,137,3,1536.5700000000002,2024-01-24,2024-08-10,3.0,0.0,512.19,3,2,3,Potential Loyalists
CUST-2716,185,3,515.75,2023-12-10,2024-06-23,3.6666666666666665,0.0,171.92,2,2,1,Dormant
CUST-2717,161,2,215.68,2023-12-24,2024-07-17,3.0,0.0,107.84,3,2,1,Potential Loyalists
CUST-2718,24,3,1224.05,2023-04-17,2024-12-01,3.3333333333333335,0.0,408.02,5,2,3,Potential Loyalists
CUST-2719,205,2,1623.38,2023-09-14,2024-06-03,2.5,0.0,811.69,2,2,3,Dormant
CUST-2720,182,3,1268.13,2023-10-27,2024-06-26,2.3333333333333335,0.0,422.71,2,2,3,Dormant
CUST-2721,79,7,1496.54,2023-10-11,2024-10-07,3.142857142857143,0.0,213.79,5,4,3,Champions
CUST-2722,129,3,458.73,2023-07-31,2024-08-18,3.3333333333333335,0.0,152.91,3,2,1,Potential Loyalists
CUST-2723,51,4,1073.6399999999999,2024-03-15,2024-11-04,3.25,0.0,268.41,5,3,2,Loyal Customers
CUST-2724,564,1,106.81,2023-06-10,2023-06-10,3.0,0.0,106.81,1,1,1,Dormant
CUST-2725,59,9,2787.0099999999998,2023-04-14,2024-10-27,3.5555555555555554,0.2222222222222222,309.67,5,5,4,Champions
CUST-2726,179,1,390.79,2024-06-29,2024-06-29,3.0,0.0,390.79,2,1,1,Dormant
CUST-2727,301,3,1087.49,2023-03-27,2024-02-28,3.6666666666666665,0.3333333333333333,362.5,1,2,2,Dormant
CUST-2728,223,2,821.9300000000001,2024-03-31,2024-05-16,3.0,0.0,410.96,2,2,2,Dormant
CUST-2729,345,2,1446.1,2023-12-21,2024-01-15,3.5,0.0,723.05,1,2,3,Dormant
CUST-2730,394,2,473.34000000000003,2023-04-16,2023-11-27,2.5,0.0,236.67,1,2,1,Dormant
CUST-2731,310,1,447.09,2024-02-19,2024-02-19,4.0,0.0,447.09,1,1,1,Dormant
CUST-2732,323,2,401.44,2023-09-20,2024-02-06,3.5,0.0,200.72,1,2,1,Dormant
CUST-2733,88,4,535.41,2023-10-27,2024-09-28,3.0,0.0,133.85,4,3,1,Loyal Customers
CUST-2734,376,2,473.03,2023-08-05,2023-12-15,3.0,0.0,236.52,1,2,1,Dormant
CUST-2735,73,2,982.25,2024-04-06,2024-10-13,4.0,0.0,491.12,5,2,2,Potential Loyalists
CUST-2736,228,3,819.75,2023-12-15,2024-05-11,1.3333333333333333,0.0,273.25,2,2,2,Dormant
CUST-2737,15,3,427.45000000000005,2023-08-11,2024-12-10,3.0,0.0,142.48,5,2,1,Potential Loyalists
CUST-2738,235,7,3156.1000000000004,2023-03-13,2024-05-04,5.571428571428571,0.0,450.87,2,4,4,At Risk
CUST-2739,298,4,730.97,2023-08-16,2024-03-02,3.25,0.25,182.74,1,3,2,At Risk
CUST-2740,184,2,409.87,2024-05-06,2024-06-24,6.0,0.0,204.94,2,2,1,Dormant
CUST-2741,222,3,1013.76,2023-10-06,2024-05-17,2.6666666666666665,0.3333333333333333,337.92,2,2,2,Dormant
CUST-2742,432,2,1178.3700000000001,2023-02-17,2023-10-20,3.0,0.0,589.19,1,2,2,Dormant
CUST-2743,144,6,1744.54,2023-04-18,2024-08-03,3.3333333333333335,0.0,290.76,3,4,3,Loyal Customers
CUST-2744,239,3,375.42999999999995,2023-08-14,2024-04-30,2.3333333333333335,0.3333333333333333,125.14,2,2,1,Dormant
CUST-2746,166,1,252.99,2024-07-12,2024-07-12,5.0,0.0,252.99,3,1,1,Potential Loyalists
CUST-2747,251,6,1865.0,2023-05-06,2024-04-18,3.6666666666666665,0.0,310.83,1,4,3,At Risk
CUST-2748,306,6,932.95,2023-08-11,2024-02-23,3.3333333333333335,0.0,155.49,1,4,2,At Risk
CUST-2749,259,8,1814.16,2023-02-28,2024-04-10,2.75,0.125,226.77,1,4,3,At Risk
CUST-2750,285,3,1974.31,2023-06-05,2024-03-15,3.0,0.0,658.1,1,2,4,Dormant
CUST-2751,197,4,1364.62,2023-07-14,2024-06-11,5.25,0.0,341.16,2,3,3,At Risk
CUST-2752,363,2,586.11,2023-03-17,2023-12-28,4.0,0.0,293.06,1,2,1,Dormant
CUST-2753,51,2,280.55,2023-11-23,2024-11-04,3.0,0.0,140.28,5,2,1,Potential Loyalists
CUST-2754,241,7,1301.28,2023-09-23,2024-04-28,2.6666666666666665,0.0,185.9,1,4,3,At Risk
CUST-2755,177,3,933.37,2023-07-29,2024-07-01,2.6666666666666665,0.3333333333333333,311.12,2,2,2,Dormant
CUST-2756,177,3,756.0,2023-08-02,2024-07-01,3.3333333333333335,0.0,252.0,2,2,2,Dormant
CUST-2757,25,7,2114.14,2023-03-12,2024-11-30,4.0,0.0,302.02,5,4,4,Champions
CUST-2758,193,3,973.8,2023-11-29,2024-06-15,4.666666666666667,0.3333333333333333,324.6,2,2,2,Dormant
CUST-2759,59,4,1614.93,2023-12-15,2024-10-27,2.75,0.0,403.73,5,3,3,Loyal Customers
CUST-2760,122,8,3073.16,2023-05-27,2024-08-25,3.7142857142857144,0.0,384.14,4,4,4,Champions
CUST-2761,168,4,1324.1399999999999,2023-09-06,2024-07-10,2.0,0.0,331.04,3,3,3,Loyal Customers
CUST-2762,80,4,493.33,2023-06-24,2024-10-06,4.0,0.0,123.33,5,3,1,Loyal Customers
CUST-2763,283,5,828.0200000000001,2023-07-14,2024-03-17,4.6,0.0,165.6,1,3,2,At Risk
CUST-2764,453,2,652.52,2023-08-27,2023-09-29,3.5,0.0,326.26,1,2,2,Dormant
CUST-2765,272,2,473.5,2024-01-22,2024-03-28,2.5,0.0,236.75,1,2,1,Dormant
CUST-2766,158,3,668.78,2023-11-14,2024-07-20,3.3333333333333335,0.3333333333333333,222.93,3,2,2,Potential Loyalists
CUST-2767,61,2,311.53999999999996,2023-09-10,2024-10-25,3.5,0.5,155.77,5,2,1,Potential Loyalists
CUST-2768,302,2,256.1,2024-01-31,2024-02-27,2.5,0.0,128.05,1,2,1,Dormant
CUST-2769,31,5,2566.31,2023-05-17,2024-11-24,4.2,0.0,513.26,5,3,4,Loyal Customers
CUST-2770,194,2,978.5799999999999,2023-08-21,2024-06-14,3.0,0.0,489.29,2,2,2,Dormant
CUST-2771,435,5,1514.47,2023-04-20,2023-10-17,3.2,0.0,302.89,1,3,3,At Risk
CUST-2773,153,3,797.85,2023-04-22,2024-07-25,4.666666666666667,0.0,265.95,3,2,2,Potential Loyalists
CUST-2774,205,4,1097.54,2023-06-12,2024-06-03,3.75,0.0,274.38,2,3,2,At Risk
CUST-2775,142,2,526.73,2024-02-21,2024-08-05,3.0,0.0,263.36,3,2,1,Potential Loyalists
CUST-2776,178,2,463.48,2023-12-14,2024-06-30,2.5,0.0,231.74,2,2,1,Dormant
CUST-2777,414,2,340.63,2023-10-11,2023-11-07,3.0,0.0,170.32,1,2,1,Dormant
CUST-2778,248,1,562.56,2024-04-21,2024-04-21,2.0,0.0,562.56,1,1,1,Dormant
CUST-2780,174,3,524.5699999999999,2023-05-20,2024-07-04,4.666666666666667,0.0,174.86,3,2,1,Potential Loyalists
CUST-2783,195,5,2928.41,2023-08-04,2024-06-13,3.2,0.0,585.68,2,3,4,At Risk
CUST-2784,178,6,2814.2,2023-09-23,2024-06-30,3.5,0.3333333333333333,469.03,2,4,4,At Risk
CUST-2785,131,5,1911.46,2023-07-03,2024-08-16,4.2,0.4,382.29,3,3,3,Loyal Customers
CUST-2786,219,3,1064.51,2024-01-21,2024-05-20,4.666666666666667,0.0,354.84,2,2,2,Dormant
CUST-2787,264,3,3307.15,2024-01-23,2024-04-05,2.6666666666666665,0.3333333333333333,1102.38,1,2,5,Dormant
CUST-2788,243,2,683.79,2024-04-01,2024-04-26,3.0,0.0,341.9,1,2,2,Dormant
CUST-2789,82,8,2476.5299999999997,2023-04-03,2024-10-04,2.625,0.125,309.57,4,4,4,Champions
CUST-2790,163,4,562.0799999999999,2023-09-18,2024-07-15,2.5,0.25,140.52,3,3,1,Loyal Customers
CUST-2791,235,4,1096.97,2023-08-05,2024-05-04,3.0,0.0,274.24,2,3,2,At Risk
CUST-2792,44,4,1772.5900000000001,2023-12-02,2024-11-11,4.75,0.0,443.15,5,3,3,Loyal Customers
CUST-2793,256,1,76.89,2024-04-13,2024-04-13,3.0,0.0,76.89,1,1,1,Dormant
CUST-2794,190,4,3555.01,2024-03-12,2024-06-18,3.25,0.0,888.75,2,3,5,At Risk
CUST-2795,145,5,2902.8,2023-10-16,2024-08-02,3.2,0.2,580.56,3,3,4,Loyal Customers
CUST-2796,143,3,562.2,2023-11-18,2024-08-04,4.333333333333333,0.0,187.4,3,2,1,Potential Loyalists
CUST-2797,56,4,892.99,2023-12-24,2024-10-30,3.0,0.0,223.25,5,3,2,Loyal Customers
CUST-2798,230,5,1139.07,2023-05-31,2024-05-09,3.0,0.0,227.81,2,3,2,At Risk
CUST-2799,129,4,543.9,2023-07-31,2024-08-18,3.75,0.0,135.98,3,3,1,Loyal Customers
CUST-2800,299,1,321.95,2024-03-01,2024-03-01,4.0,0.0,321.95,1,1,1,Dormant
